tag id,miRDeep2 score,estimated probability that the miRNA is a true positive,rfam alert,total read count,mature read count,loop read count,star read count,significant randfold p-value,mature miRBase miRNA,example miRBase miRNA with the same seed,UCSC browser,NCBI blastn,consensus mature sequence,consensus star sequence,consensus precursor sequence,precursor coordinate
KQ034179_14225,1956462.9,74 +/- 5%,-,3837516,3834237,186,3093,yes,ame-miR-283-5p,-,-,-,aaauaucagcugguaauucuga,cagguugcuugcugguauguggc,aaauaucagcugguaauucugaggaugcauguuaauucacucagguugcuugcugguauguggc,KQ034179:85441..85505:-
KQ034069_6019,1708397.9,74 +/- 5%,-,3350946,3159085,0,191861,yes,aae-miR-281-5p,-,-,-,aagagagcuauccgucgacagu,cugucauggaguugcucucuu,aagagagcuauccgucgacaguacagaacaguuccacugucauggaguugcucucuu,KQ034069:2433858..2433915:-
KQ034261_16927,1541719.5,74 +/- 5%,-,3024016,3000846,0,23170,yes,pca-bantam-3p,-,-,-,ugagaucauugugaaagcugau,uggcuuucacucugaucugacaga,uggcuuucacucugaucugacagaguuuuuuuucuuuucugagaucauugugaaagcugau,KQ034261:589843..589904:+
KQ034328_18529,1051491.8,74 +/- 5%,-,2062457,2058155,0,4302,yes,aga-miR-375,-,-,-,uuuguucguuuggcucgaguuau,agcuugaaccuugcgaacugacu,agcuugaaccuugcgaacugacuuuuauuaaaugcaguuuguucguuuggcucgaguuau,KQ034328:76965..77025:+
KQ034575_21965,536468.5,74 +/- 5%,-,1052257,1051801,1,455,yes,dwi-miR-276b-5p,-,-,-,uaggaacuucauaccgugcucu,agcgagguauagaguuccuacg,agcgagguauagaguuccuacguuguuuuauuaauuuccgguaggaacuucauaccgugcucu,KQ034575:7701..7764:+
KQ034079_6786,300267.5,74 +/- 5%,-,588959,588655,0,304,yes,dqu-miR-306-5p,-,-,-,ucagguacugagugacucugagu,cgguaggcacccaguaccuggcg,ucagguacugagugacucugaguuguaaacacucgguaggcacccaguaccuggcg,KQ034079:2112005..2112061:+
KQ034074_6423,119699.1,74 +/- 5%,-,234782,212973,2,21807,yes,pca-miR-305-5p,-,-,-,aggcaucuguuggaguacagcuc,auuguacuucaucaggugcuu,auuguacuucaucaggugcuuuggucgguacagguugccaggcaucuguuggaguacagcuc,KQ034074:673635..673697:+
KQ034057_4087,101314.4,74 +/- 5%,-,198721,198430,1,290,yes,bmo-miR-184-3p,-,-,-,uggacggagaacugauaagggc,ccuuaucauucucuuguccagu,ccuuaucauucucuuguccaguguuuuguuuuugaggccaacuggacggagaacugauaagggc,KQ034057:4928857..4928921:+
KQ034079_6784,101206.3,74 +/- 5%,-,198511,198195,0,316,yes,pxy-miR-9b-5p,-,-,-,ucuuugguauccuagcuguagg,uaaagcuauuauaccaaacuca,ucuuugguauccuagcuguagguuauuuuauauccuaaagcuauuauaccaaacuca,KQ034079:2106701..2106758:+
KQ034065_5326,55139.1,74 +/- 5%,-,108150,50067,0,58083,yes,bmo-miR-317-3p,-,-,-,aggguaccacccuguguuggcu,ugaacacagcuggugguaucu,aggguaccacccuguguuggcuguaccugcgagugaacacagcuggugguaucu,KQ034065:770174..770228:+
KQ034659_22582,50612.3,74 +/- 5%,-,99271,96249,0,3022,yes,dpu-miR-10,-,-,-,uacccuguagauccgaauuugu,caaauucgguucuagagagguu,uacccuguagauccgaauuuguuugauacagugcgacaaauucgguucuagagagguu,KQ034659:188293..188351:+
KQ034470_20862,30566.3,74 +/- 5%,-,59951,52352,0,7599,yes,ame-miR-71-5p,-,-,-,ucucacuaccuugucuuucaug,ugaaagacauggguagugagaug,ugaaagacauggguagugagauggguaaguaggaucuacaucucacuaccuugucuuucaug,KQ034470:242393..242455:-
KQ034074_6421,28114.7,74 +/- 5%,-,55143,45948,0,9195,yes,aae-miR-275-3p,-,-,-,ucagguaccugaaguagcgcgcg,ggcgcuacucaggcacugaugacu,ggcgcuacucaggcacugaugacugggcauuuaauagucagguaccugaaguagcgcgcg,KQ034074:673330..673390:+
KQ034470_20854,23432.3,74 +/- 5%,-,45959,45695,0,264,yes,dqu-miR-13b-3p,-,-,-,uaucacagccauuuuugacg,ucaaauuggcugugaaauguaau,ucaaauuggcugugaaauguaauuuuuauuuuaaucauaucacagccauuuuugacg,KQ034470:239471..239528:-
KQ034355_19206,18873.1,74 +/- 5%,-,37016,36994,0,22,yes,api-miR-263a,-,-,-,aauggcacugaaagaauucacgg,cgugauucucuagugccauacu,aauggcacugaaagaauucacggguuuuuuuuuauugaguuuaccgugauucucuagugccauacu,KQ034355:607070..607136:+
KQ034470_20858,16357.8,74 +/- 5%,-,32083,31276,0,807,yes,pte-miR-2g-3p,-,-,-,ucacagccagcuuugaugagc,ggcaucaaagcugguuugucaua,ggcaucaaagcugguuugucauagaguuaaacgugcauuuuuuuuuaaaaaaaagaaaaugccauuccuaucacagccagcuuugaugagc,KQ034470:242064..242155:-
KQ034470_20850,15545,74 +/- 5%,-,30488,29360,0,1128,yes,tcf-miR-2a-3p,-,-,-,ucacagccagcuuugaugagc,uucgucaaaguggcugugacugug,uucgucaaaguggcugugacuguguagucuugagucauaucacagccagcuuugaugagc,KQ034470:238386..238446:-
KQ034069_5994,15023.2,74 +/- 5%,-,29465,29421,0,44,yes,bmo-miR-279a,-,-,-,ugacuagauccacacucaucca,gauggguguguguuugguccaug,gauggguguguguuugguccaugucuuauuuuuagcuacccaugacuagauccacacucaucca,KQ034069:701935..701999:-
KQ034386_19670,13398.5,74 +/- 5%,-,26278,25778,41,459,yes,tca-let-7-5p,-,-,-,ugagguaguagguuguauagu,cuguacagccugcuaacuuucc,ugagguaguagguuguauaguaaagcacuacaccuauucucggagacuguacagccugcuaacuuucc,KQ034386:145652..145720:+
KQ034470_20856,8234.1,74 +/- 5%,-,16148,12423,0,3725,yes,tca-miR-13a-3p,-,-,-,uaucacagccacuuugaugagcu,augucaaagugguugugacaug,augucaaagugguugugacaugcguuuuauuuuuaucgacauaucacagccacuuugaugagcu,KQ034470:241887..241951:-
KQ034065_5330,7265,74 +/- 5%,-,14248,13691,0,557,yes,aga-miR-34,-,-,-,uggcagugugguuagcugguug,cgccacuaucuucacugccacu,uggcagugugguuagcugguuguguaaaauuuggcgucacgccacuaucuucacugccacu,KQ034065:810126..810187:+
KQ034451_20605,7141.2,74 +/- 5%,-,14005,13795,6,204,yes,ame-miR-87-3p,-,-,-,gugagcaaaguuucaggugugu,cgccugauccuugcuccaccu,cgccugauccuugcuccaccucaguauuagacagaguaaggugagcaaaguuucaggugugu,KQ034451:330187..330249:+
KQ034079_6788,5838.5,74 +/- 5%,-,11449,6744,0,4705,yes,dqu-miR-79-3p,-,-,-,cuuugguaagacagcuguaugg,auaaagcuagauuaccaaagca,cuuugguaagacagcuguauggguguuuuccuugccauaaagcuagauuaccaaagca,KQ034079:2112177..2112235:+
KQ034132_11979,5758,74 +/- 5%,-,11292,11291,0,1,yes,dps-miR-315,-,-,-,uuuugauuguugcucagaaagccu,cuuucuagcaauaaucacgacc,uuuugauuguugcucagaaagccuuaauuauuuuuuggcuuucuagcaauaaucacgacc,KQ034132:746837..746897:-
KQ034472_20881,4232.2,74 +/- 5%,-,8299,8255,0,44,yes,aae-miR-2765,-,-,-,ugguaacuccaccaccguuggc,caacgguguugaaguucccgcu,ugguaacuccaccaccguuggcauuguaucaagucaacgguguugaaguucccgcu,KQ034472:86733..86789:-
KQ034203_15358,3469.3,74 +/- 5%,-,6802,6800,0,2,yes,der-miR-92b,-,-,-,aauugcacuagucccggccug,aggccgugacuggggcaaauuuug,aggccgugacuggggcaaauuuugucuuuaccauaugguuucaaauugcacuagucccggccug,KQ034203:901728..901792:-
KQ034057_4134,3135.7,74 +/- 5%,-,6148,5787,0,361,yes,tca-miR-190-5p,-,-,-,agauauguuugauauucuugguug,accaaggaucaaacauauuaug,agauauguuugauauucuugguuguuguuauucgaccaaggaucaaacauauuaug,KQ034057:7698754..7698810:+
KQ034201_15249,1532.4,74 +/- 5%,-,3004,2700,0,304,yes,tca-miR-9a-5p,-,-,-,ucuuugguuaucuagcuguaug,auaaagcuagguuaccgaaguua,ucuuugguuaucuagcuguaugaguagcuaaaguaguuaauaguucauaaagcuagguuaccgaaguua,KQ034201:1024940..1025009:-
KQ034320_18368,1045.1,74 +/- 5%,-,2048,2045,0,3,yes,dya-miR-1,-,-,-,uggaauguaaagaaguauggag,ccguacuucuguacuucccaua,ccguacuucuguacuucccauagugcacuuuaucauauggaauguaaagaaguauggag,KQ034320:427194..427253:-
KQ034328_18547,978.4,74 +/- 5%,-,1918,1913,0,5,yes,tca-miR-252a-5p,-,-,-,cuaaguacuagugccgcaggag,cugcuguucgagugcuuaac,cuaaguacuagugccgcaggaguuuuacuuuuuuaagucccccugcuguucgagugcuuaac,KQ034328:270656..270718:-
KQ034355_19208,597,74 +/- 5%,-,1170,1166,0,4,yes,ngi-miR-263b,-,-,-,cuuggcacuggaagaauucacag,gugggucucucggugcca,cuuggcacuggaagaauucacagauauauguaaaaaaucgugggucucucggugcca,KQ034355:639587..639644:+
KQ034479_20924,539.2,74 +/- 5%,-,1055,585,0,470,yes,nvi-miR-927,-,-,-,uuuagaauuccuacgcuuuacc,caaagcgucugaauucugaaau,uuuagaauuccuacgcuuuacccuguaaaaucuggcaaagcgucugaauucugaaau,KQ034479:395862..395919:+
KQ034203_15360,451.2,74 +/- 5%,-,882,878,0,4,yes,aae-miR-92a-3p,-,-,-,uauugcacuugucccggccuau,aggacgggaugggucgccauauu,aggacgggaugggucgccauauuuuguaagcaaauuuaauauugcacuugucccggccuau,KQ034203:901906..901967:-
KQ034076_6610,366,74 +/- 5%,-,715,633,0,82,yes,dvi-miR-965-3p,-,-,-,uaagcguauagcuuuuccccu,cggggaagguuauggcgcuugug,cggggaagguuauggcgcuuguguuugauucguucauaagcguauagcuuuuccccu,KQ034076:2373422..2373479:-
KQ034183_14419,270.9,74 +/- 5%,-,528,527,0,1,yes,aga-miR-2796-5p,-,-,-,guaggccggcggaaacuacuugc,agggguuucuuucggccuccag,agggguuucuuucggccuccagccgcuuuggauaguuguaggccggcggaaacuacuugc,KQ034183:1201329..1201389:+
KQ035769_28620,146.7,74 +/- 5%,-,285,284,0,1,yes,api-miR-929,-,-,-,aaauugacucuaguagggagu,cucccuaauggagucagauu,aaauugacucuaguagggagucuuaaucuuuaacgacucccuaauggagucagauu,KQ035769:24986..25042:+
KQ034085_7887,111.3,74 +/- 5%,-,216,164,0,52,yes,bmo-miR-993a-5p,-,-,-,gaagcucgucucuacagguaucu,uacccuguagauccgggcuuuu,uacccuguagauccgggcuuuuguggaucgauaagagucagaagcucgucucuacagguaucu,KQ034085:19608..19671:+
KQ034214_15778,14.2,74 +/- 5%,-,25,21,0,4,yes,dqu-miR-971-3p,-,-,-,cacucuaagcucgaacaccaag,uugguguucuaccuuacaguga,cacucuaagcucgaacaccaagccccgagcgauugcuucguuugguguucuaccuuacaguga,KQ034214:315491..315554:+
KQ034132_11971,7.7,75 +/- 5%,-,14,13,0,1,yes,bma-miR-234,-,-,-,uauugcuugagaauacacguag,acgcguauucuuggggaacuagc,acgcguauucuuggggaacuagcacacaugauaaguuguuauugcuugagaauacacguag,KQ034132:1229958..1230019:+
ACPB03031442_936,2.4,82 +/- 3%,-,1162,1161,0,1,yes,dse-miR-307,-,-,-,ucacaaccuccuugagugagc,acucacucaaucugggugugaugu,acucacucaaucugggugugaugugcaaguuaauguccccaucacaaccuccuugagugagc,ACPB03031442:4457..4519:-
KQ034179_14221,2.4,82 +/- 3%,-,3612930,3485137,0,127793,yes,tur-miR-12a-5p,-,-,-,ugaguauuacaucagguacugau,aucgguaccugacuaauacuc,ugaguauuacaucagguacugauuuuguucaguuuauaauaucgguaccugacuaauacuc,KQ034179:81592..81653:-
KQ034700_22843,2.4,82 +/- 3%,-,59,47,0,12,yes,pca-miR-210-3p,-,-,-,cuugugcgugugacagcggcu,agcuguuggacacugcccaagau,agcuguuggacacugcccaagauuaguguacuuacucuugugcgugugacagcggcu,KQ034700:104701..104758:+
KQ034137_12211,2.3,82 +/- 3%,-,1162,1161,0,1,yes,der-miR-307,-,-,-,ucacaaccuccuugagugagc,acucacucaaucugggugugaugu,acucacucaaucugggugugaugugcaaguuaauguccccaucacaaccuccuugagugagc,KQ034137:1810940..1811002:+
KQ034203_15356,2.2,82 +/- 3%,-,44,44,0,0,yes,aga-miR-981,-,-,-,uucguugucgacgaaaccugaa,cggguuucgugacgaugcaacc,cggguuucgugacgaugcaaccuguuaguuaguaaugguucguugucgacgaaaccugaa,KQ034203:397142..397202:-
KQ035802_28684,2.1,82 +/- 3%,-,117,117,0,0,yes,dya-miR-133,-,-,-,uugguccccuucaaccagcugu,agcugguugaauaagggucaaau,agcugguugaauaagggucaaauaauguguaaaauuugguccccuucaaccagcugu,KQ035802:20305..20362:-
KQ034320_18366,2.1,82 +/- 3%,-,117,117,0,0,yes,dpu-miR-133,-,-,-,uugguccccuucaaccagcugu,agcugguugaauaagggucaaau,agcugguugaauaagggucaaauaauguguaaaauuugguccccuucaaccagcugu,KQ034320:148867..148924:-
KQ034058_4281,1.8,84 +/- 3%,-,2733346,2701784,0,31562,yes,tcf-miR-8-5p,-,-,-,uaauacugucagguaaugaug,caucuuaccgggcagcauuaga,caucuuaccgggcagcauuagaugggaauauuuauuuuucuaauacugucagguaaugaug,KQ034058:2476642..2476703:+
KQ034264_17075,1.8,84 +/- 3%,-,45,45,0,0,yes,tca-miR-2788-3p,-,-,-,caaugcccuuggaaauccca,ggguuuucagaggcacuagc,ggguuuucagaggcacuagcaucuuuuauuucuuauagccaaugcccuuggaaauccca,KQ034264:859016..859075:+
KQ034470_20852,1.7,84 +/- 3%,-,6134,6134,0,0,yes,dwi-miR-2c,-,-,-,uaucacagccagcuuugaug,acaaaguggcuguuguaug,acaaaguggcuguuguauguucuuuaaagauauguuaaucauaucacagccagcuuugaug,KQ034470:238664..238725:-
KQ034114_10046,1.7,84 +/- 3%,-,634,296,0,338,yes,sfr-miR-7-5p,-,-,-,uggaagacuagugauuuuguuguu,augaaucucuagucuccguaca,uggaagacuagugauuuuguuguuuugaauucugcaacaaugaaucucuagucuccguaca,KQ034114:1615393..1615454:+
KQ034085_7940,1,84 +/- 3%,-,10,9,0,1,yes,bmo-miR-iab-4-5p,-,-,-,acguauacugaauguauccuga,uauaccuucaguauacguaaca,acguauacugaauguauccugaguaaaucaaccauccgguauaccuucaguauacguaaca,KQ034085:2367503..2367564:+
KQ034063_5048,0.9,70 +/- 3%,-,58,58,0,0,yes,dqu-miR-932-5p,-,-,-,ucaauuccguagugcauug,agcaaugcgggauugugg,ucaauuccguagugcauugcaguguuacaagugaaauaguuccugcaagcaaugcgggauugugg,KQ034063:687893..687958:+
KQ034085_7939,-0.5,55 +/- 3%,-,9,9,0,0,yes,dan-miR-iab-4-5p,-,-,-,acguauacugaauguauccuga,ugggcgagcaauauuauacguac,ugggcgagcaauauuauacguacuguuuccuguacguauacugaauguauccuga,KQ034085:2367470..2367525:+
KQ034203_15357,-3.2,25 +/- 4%,-,6800,6800,0,0,no,dse-miR-92b,-,-,-,aauugcacuagucccggccug,ggccacgugugacaacuug,aauugcacuagucccggccugcuggauaggccacgugugacaacuug,KQ034203:901702..901749:-
KQ034451_20606,-8.7,12 +/- 3%,-,13795,13795,0,0,no,ame-miR-87-3p,-,-,-,gugagcaaaguuucaggugugu,ucgcccuuugcuguuucu,gugagcaaaguuucaggugugugggugagaaaugauuaacaacuucgcccuuugcuguuucu,KQ034451:330227..330289:+
KQ034153_13083,-9.3,11 +/- 3%,-,11,11,0,0,no,cqu-miR-124,-,-,-,uaaggcacgcggugaaugcc,ccuucaugucuuugu,ccuucaugucuuuguucauaaggcacgcggugaaugcc,KQ034153:590502..590540:-
KQ034470_20857,-9.7,11 +/- 3%,-,31276,31276,0,0,no,tcf-miR-2a-3p,-,-,-,ucacagccagcuuugaugagc,ucaucaaaaauuguugcaucg,ucacagccagcuuugaugagcaccggcguggguauuucacacaucagaaucaucaaaaauuguugcaucg,KQ034470:242015..242085:-
KQ034069_5993,-10.4,0.11 +/- 0.03,-,29421,29421,0,0,no,bmo-miR-279a,-,-,-,ugacuagauccacacucaucca,guugacuuguuucaucagaaaug,ugacuagauccacacucauccauagcgguugacuuguuucaucagaaaug,KQ034069:701907..701957:-
KQ034069_6020,-10.5,0.11 +/- 0.03,-,3159085,3159085,0,0,no,aae-miR-281-5p,-,-,-,aagagagcuauccgucgacagu,ugaaugauuggaaaucuacuuug,ugaaugauuggaaaucuacuuugaauggaagcuaaaggagaagauuugggacaugcaugaugaagagagcuauccgucgacagu,KQ034069:2433893..2433977:-
KQ034355_19205,-45.8,0.11 +/- 0.03,-,36994,36994,0,0,no,api-miR-263a,-,-,-,aauggcacugaaagaauucacgg,guuuucguuuuuucucgcuucu,guuuucguuuuuucucgcuucuuacugagaauggcacugaaagaauucacgg,KQ034355:607041..607093:+
