provisional id,miRDeep2 score,estimated probability that the miRNA candidate is a true positive,rfam alert,total read count,mature read count,loop read count,star read count,significant randfold p-value,miRBase miRNA,example miRBase miRNA with the same seed,UCSC browser,NCBI blastn,consensus mature sequence,consensus star sequence,consensus precursor sequence,precursor coordinate
KQ034386_29202,184919.9,37 +/- 7%,-,362710,361569,0,1141,yes,-,-,-,-,aacccguagguccgaacuugu,caaggucgauccuaagggu,aacccguagguccgaacuuguguuaggcuggaccacaaggucgauccuaagggu,KQ034386:143488..143542:+
ACPB03034987_1518,36970,37 +/- 7%,-,72518,72517,0,1,yes,-,-,-,-,uacgauauaucugagagaacc,uucucacuuucagacugu,uacgauauaucugagagaaccaaucguucucacuuucagacugu,ACPB03034987:764..808:+
KQ034258_24604,15531.2,37 +/- 7%,-,30462,28575,0,1887,yes,-,-,-,-,aaagcacuguaagucgguagug,ccuccgacuugcuguauucu,ccuccgacuugcuguauucuaaccacauuuaguuaaagcacuguaagucgguagug,KQ034258:615429..615485:-
KQ034741_35115,14963.5,37 +/- 7%,-,29363,19097,10141,125,no,-,-,-,-,uaguaaacggauuugaggagu,uuucuucguacauuuguagc,uaguaaacggauuugaggaguauguuggagaggauuuagaacuaccugagcauauuucuucguacauuuguagc,KQ034741:1015..1089:-
KQ034451_30725,7063,37 +/- 7%,-,13851,13205,0,646,yes,-,-,-,-,augagcaaaguuucaggugugu,acgccuggaucauugcucagccu,acgccuggaucauugcucagccuguuuuuauuucuagaugagcaaaguuucaggugugu,KQ034451:330022..330081:+
KQ034386_29211,3839.4,37 +/- 7%,-,7528,6633,0,895,yes,-,-,-,-,ucccugagacccuaaucuguga,cagguuaggucucucaggugcg,ucccugagacccuaaucugugauguuaaauugaguucucacagguuaggucucucaggugcg,KQ034386:129667..129729:-
KQ034872_37397,3548.9,37 +/- 7%,-,6958,6903,47,8,yes,-,-,-,-,cauccggacuuuggacagauc,ucugcucaaaguccagaugcac,cauccggacuuuggacagaucaaguauggacauuccaacauaaaucgguuuguucauagugaucugcucaaaguccagaugcac,KQ034872:72849..72933:-
KQ034341_27880,3318.3,37 +/- 7%,-,6536,6373,81,82,no,-,-,-,-,auuguugcucgaugaacuucc,ucaauucauuuggcaccc,ucaauucauuuggcacccaauuuccuuccuuaugaaucguucucaaugcuuuuaagcgucucgaaauuguugcucgaugaacuucc,KQ034341:32939..33025:-
KQ034250_24331,3290.6,37 +/- 7%,-,6469,6443,0,26,no,-,-,-,-,uacaagaggauuagagcg,ccuccaauccucgaagac,uacaagaggauuagagcgaauagagagagaacgauauaguacugcaaacuacacuacccuccaauccucgaagac,KQ034250:201752..201827:-
KQ034250_24332,3275.5,37 +/- 7%,-,6458,6443,0,15,no,-,-,-,-,uacaagaggauuagagcg,uucagucggcgaggaggac,uucagucggcgaggaggacugucaaggaaugucaggugaggcgagagacaguacaagaggauuagagcg,KQ034250:201809..201878:-
KQ034162_18860,2867.2,37 +/- 7%,-,5624,5602,6,16,yes,-,-,-,-,uacacgacgaagggaacc,ucccaucguuguuacaugc,uacacgacgaagggaacccucauuugguuuugaauuuuuguaaaagauauuuuugguugggucccaucguuguuacaugc,KQ034162:1202946..1203026:+
KQ034141_17338,2463,37 +/- 7%,-,4830,4818,0,12,yes,-,-,-,-,ugcuggaucccugccucgaucug,gacgagacagagaugccaaugcaa,ugcuggaucccugccucgaucuguuauuacacuucagacgagacagagaugccaaugcaa,KQ034141:226279..226339:+
KQ034111_13556,2460.7,37 +/- 7%,-,4824,4699,0,125,yes,-,-,-,-,uucauuaugagcgucggcgacu,acgccgacggucacaacgggc,acgccgacggucacaacgggcaguuuucaauuuguauuuguucauuaugagcgucggcgacu,KQ034111:942702..942764:-
KQ034065_7013,1946.9,37 +/- 7%,-,3816,3812,0,4,yes,-,-,-,-,uaaaugcacaaucugguacgac,ggugccaggagugcauuuaca,ggugccaggagugcauuuacauuguugcaucuucgauuuaagguguaaaugcacaaucugguacgac,KQ034065:782668..782735:+
KQ034161_18675,1668.2,37 +/- 7%,-,3269,2428,0,841,yes,-,-,-,-,cgcauguuuauugaaucucgga,agggauacaauaaacaugcgug,cgcauguuuauugaaucucggacuuucaucaauccggucagggauacaauaaacaugcgug,KQ034161:1495096..1495157:-
KQ034083_10784,1666,37 +/- 7%,-,3265,3250,0,15,yes,-,-,-,-,ucggugggacuuucguccgagu,ccgggcgagagucacugccuacc,ccgggcgagagucacugccuaccgucauaauauccccggucggugggacuuucguccgagu,KQ034083:2077843..2077904:-
ACPB03047588_4138,1490.3,37 +/- 7%,-,2936,2925,10,1,no,-,-,-,-,uauuccggauuuuaaaau,uuuuuggauccgggaaagu,uauuccggauuuuaaaauauuaaauaauucgcauguuacacucacuuuuugguaguuaucgcgaguuuuuggauccgggaaagu,ACPB03047588:635..719:+
KQ034162_19006,1489.8,37 +/- 7%,-,2936,2925,10,1,no,-,-,-,-,uauuccggauuuuaaaau,uuuuuggauccgggaaagu,uauuccggauuuuaaaauauuaaauaauucgcaaguuacacucacuuuuugguaguuaucgcgaguuuuuggauccgggaaagu,KQ034162:1280506..1280590:+
ACPB03038022_2155,1489.5,37 +/- 7%,-,2944,2925,10,9,no,-,-,-,-,uauuccggauuuuaaaau,uuuuuggauccggaaaagu,uauuccggauuuuaaaauauuaaauaauucgaaaguuacacucacuuuuugguaguuaucgcgaguuuuuggauccggaaaagu,ACPB03038022:1065..1149:-
KQ036009_44946,1075.9,37 +/- 7%,-,2123,1897,6,220,no,-,-,-,-,ccugaagaacuggggagcc,auaccccauggacucacg,auaccccauggacucacggcuauucccaaaaagaucaacgguguuuuggccugaagaacuggggagcc,KQ036009:7343..7411:-
KQ034595_33111,939.4,37 +/- 7%,-,1840,1771,0,69,yes,-,-,-,-,ugacuagaguuucacucaucga,gaugggugaaauccuagauggcacg,gaugggugaaauccuagauggcacguccguuuccaauucgugacuagaguuucacucaucga,KQ034595:68960..69022:+
KQ034085_10890,877,37 +/- 7%,-,1741,1734,0,7,no,-,-,-,-,acaagugaugacaaaaagac,uuugaggauuacgaggguc,acaagugaugacaaaaagacauauauacccuaaguauguguuuuugaggauuacgaggguc,KQ034085:778320..778381:+
KQ034872_37372,761.2,37 +/- 7%,-,1507,1503,0,4,no,-,-,-,-,uuucaaaugucgccuccaagac,ucuugaaggcgcgaucac,ucuugaaggcgcgaucacauguuucaccuaugauguuuucaaaugucgccuccaagac,KQ034872:70817..70875:-
KQ034179_20633,672,37 +/- 7%,-,1318,1315,0,3,yes,-,-,-,-,uaaucucaugugguaacuguga,ucagauuacuaugugagaauaca,uaaucucaugugguaacugugagugauuuauaaucucagauuacuaugugagaauaca,KQ034179:82833..82891:-
KQ034479_31306,662.6,37 +/- 7%,-,1297,1269,0,28,yes,-,-,-,-,auuuacgccccucucgccuaca,ugggacgaagaggcguaaaaac,auuuacgccccucucgccuacauguauguguuacaccuugugggacgaagaggcguaaaaac,KQ034479:393573..393635:+
KQ036566_46864,644.3,37 +/- 7%,-,1289,1245,40,4,no,-,-,-,-,uacaaggaugcaaagagc,uauugcugucuuguuuauuuggaa,uauugcugucuuguuuauuuggaacugacuucggaacugaauacaaggaugcaaagagc,KQ036566:6442..6501:-
KQ034162_19140,613,37 +/- 7%,-,1229,1218,5,6,no,-,-,-,-,uacuacaccucguuggccu,uaucauugagugugacugu,uacuacaccucguuggccuauugcaacauuugucgguaucauugagugugacugu,KQ034162:1306296..1306351:+
KQ034425_30169,571,37 +/- 7%,-,1120,1108,0,12,yes,-,-,-,-,ugaauuacauaugaguuuggau,ucagacuuacguguacuuuuggg,ugaauuacauaugaguuuggauguauagauugucuuauucagacuuacguguacuuuuggg,KQ034425:467557..467618:-
KQ035538_41790,561.4,37 +/- 7%,-,1127,1118,0,9,no,-,-,-,-,uguuuuaaugaugaaaggaggau,ucaucuuugucguaaggau,uguuuuaaugaugaaaggaggauuggcauguauaguuaggguuuucucaucuuugucguaaggau,KQ035538:12080..12145:+
KQ037889_48669,544.9,37 +/- 7%,-,1081,1036,0,45,no,-,-,-,-,agacagcggcuuagcucagu,gugagcgacugcugacacc,agacagcggcuuagcucagugguagcgugagcgacugcugacacc,KQ037889:756..801:-
KQ034472_31197,544.1,37 +/- 7%,-,1066,1062,0,4,yes,-,-,-,-,ugguaacuucauaccaccguuggc,caagggguuuggaguuac,ugguaacuucauaccaccguuggcuuuuaguauuaucuccaagggguuuggaguuac,KQ034472:87337..87394:-
KQ034258_24602,529.3,37 +/- 7%,-,1036,970,0,66,yes,-,-,-,-,ugacuagauuuucacucauucg,agugaguggaaguuuagaauc,agugaguggaaguuuagaaucgcauauuuuaauuuugugacuagauuuucacucauucg,KQ034258:615201..615260:-
KQ034348_28266,444.8,37 +/- 7%,-,903,900,0,3,no,-,-,-,-,ucacaaaugaugaacucuu,gaauguuuuuucugaugug,ucacaaaugaugaacucuuauuuucuacauuauucuaucacugaaaauaauugaagaauguuuuuucugaugug,KQ034348:125768..125842:+
KQ034176_20398,422.6,37 +/- 7%,-,826,551,0,275,yes,-,-,-,-,ucgggaaggcaguugcggcggau,uccguccaacuccuuuccgugu,ucgggaaggcaguugcggcggauuuauugcaaucauauccguccaacuccuuuccgugu,KQ034176:143907..143966:+
KQ034064_6897,401.1,37 +/- 7%,-,784,781,0,3,yes,-,-,-,-,ugagaaaucguacaucaacug,acuugaugaccgauuuauuaga,acuugaugaccgauuuauuagaauucacacucugagaaaucguacaucaacug,KQ034064:1810499..1810552:-
KQ034113_13841,401.1,37 +/- 7%,-,784,781,0,3,yes,-,-,-,-,ugagaaaucguacaucaacug,acuugaugaccgauuuauuaga,acuugaugaccgauuuauuagaauucacacucugagaaaucguacaucaacug,KQ034113:1873114..1873167:-
KQ034296_25943,400.8,37 +/- 7%,-,784,781,0,3,yes,-,-,-,-,ugagaaaucguacaucaacug,cuagaugaccgauuuauuagaauuc,cuagaugaccgauuuauuagaauucacacucugagaaaucguacaucaacug,KQ034296:397982..398034:-
KQ034097_12211,382.8,37 +/- 7%,-,748,747,0,1,yes,-,-,-,-,aaaggauucguuauggaaggug,accuuucaugagaguaguuucu,accuuucaugagaguaguuucuccuagaauugagaaaggauucguuauggaaggug,KQ034097:211628..211684:+
KQ034099_12452,357.5,37 +/- 7%,-,734,660,21,53,no,-,-,-,-,cuugggacgaugaaacagac,gauggacuuguuuggggagc,cuugggacgaugaaacagacaugaaggaaauggagaaaagugugagaucuauugaaauggauggacuuguuuggggagc,KQ034099:55493..55572:+
KQ034096_12204,350.9,37 +/- 7%,-,698,689,5,4,no,-,-,-,-,uauguuggcgaaggaagc,cuuucuuugggucaaggc,cuuucuuugggucaaggcacauuguggaguugaagggaaugagcgugcagauauguuggcgaaggaagc,KQ034096:2363199..2363268:-
KQ034872_36923,348.5,37 +/- 7%,-,698,689,5,4,no,-,-,-,-,uauguuggcgaaggaagc,cuuucuuugggucaaggc,cuuucuuugggucaaggcacauuguggaguugaagggaaugagcgugcagauauguuggcgaaggaagc,KQ034872:21558..21627:+
KQ034195_21683,348.5,37 +/- 7%,-,698,689,5,4,no,-,-,-,-,uauguuggcgaaggaagc,cuuucuuugggucaaggc,cuuucuuugggucaaggcacauuguggaguugaagggaaugagcgugcagauauguuggcgaaggaagc,KQ034195:1060862..1060931:+
KQ035006_38660,348.5,37 +/- 7%,-,698,689,5,4,no,-,-,-,-,uauguuggcgaaggaagc,cuuucuuugggucaaggc,cuuucuuugggucaaggcacauuguggaguugaagggaaugagcgugcagauauguuggcgaaggaagc,KQ035006:20630..20699:-
KQ034551_32480,345.5,37 +/- 7%,-,692,689,0,3,yes,-,-,-,-,ucuaaguggagccuggcc,acuagguucuacuucccc,ucuaaguggagccuggccauuagaacuuuacuagguucuacuucccc,KQ034551:78151..78198:+
ACPB03024545_143,345.5,37 +/- 7%,-,692,689,0,3,yes,-,-,-,-,ucuaaguggagccuggcc,acuagguucuacuucccc,ucuaaguggagccuggccauuagaacuuuacuagguucuacuucccc,ACPB03024545:11013..11060:-
KQ034061_6346,339.8,37 +/- 7%,-,663,504,0,159,yes,-,-,-,-,uggugugucuucuguccuguuu,acgggacagaagacguaccaac,uggugugucuucuguccuguuugaauucguaagcagacgggacagaagacguaccaac,KQ034061:1049155..1049213:-
KQ034081_9833,328.9,37 +/- 7%,-,660,654,2,4,no,-,-,-,-,ugcgguaaugauagaaac,aauccaucauaaccgcugac,ugcgguaaugauagaaaccguguauggcgagcagauuuucauucaccaauccaucauaaccgcugac,KQ034081:778746..778813:-
KQ034348_28277,258.8,37 +/- 7%,-,508,500,0,8,yes,-,-,-,-,aaaacagaagucucgacuc,gaacauaucgagacucugauu,gaacauaucgagacucugauuguuaaaauuaacaaccuugaaaaacagaagucucgacuc,KQ034348:490365..490425:+
KQ034717_34677,257,37 +/- 7%,-,516,513,0,3,yes,-,-,-,-,uuuugucagagauugcauu,uugcgaaaguuuugaaaggaaggu,uugcgaaaguuuugaaaggaaggucuacuuuccuauuuuuugucagagauugcauu,KQ034717:126469..126525:+
KQ034310_26496,243.9,37 +/- 7%,-,490,402,54,34,no,-,-,-,-,acugaucuguguaguggcu,cuagcuacauagacagaccu,acugaucuguguaguggcuacacuaugcguuuacgguacuguguuugguuaugugagaucuagcuacauagacagaccu,KQ034310:760951..761030:+
KQ034106_13158,240.5,37 +/- 7%,-,470,469,0,1,yes,-,-,-,-,ucaccggguuugauucguccgc,ggucgaaucuaacuuggcuuaugagg,ggucgaaucuaacuuggcuuaugagguuauuauauuccucaccggguuugauucguccgc,KQ034106:2053574..2053634:-
KQ034118_14277,225.2,37 +/- 7%,-,488,487,0,1,no,-,-,-,-,uaacagacuugauagagc,ucugaacaagcauacgggaau,uaacagacuugauagagcauaacuuuaaucugaacaagcauacgggaau,KQ034118:937995..938044:-
KQ034162_19185,204,37 +/- 7%,-,408,402,4,2,no,-,-,-,-,uacacggccgucuugaaagggc,ucuuuuacauuggcccugc,ucuuuuacauuggcccugcuccuucugcuccguccugcaacagugcuugcacucaggguuacacggccgucuugaaagggc,KQ034162:1320427..1320508:+
KQ038160_48939,198.2,37 +/- 7%,-,410,409,0,1,no,-,-,-,-,uugaagaugcgucagaagu,ugagauugucuuuaauagu,ugagauugucuuuaauagugcugucauuugaagaugcgucagaagu,KQ038160:3923..3969:+
KQ034081_10506,172.6,37 +/- 7%,-,350,307,38,5,yes,-,-,-,-,uauucuagucucuuccucuucc,cagaagaagaucuacuagaauc,cagaagaagaucuacuagaaucucuaaccaagagaucacuagcugaagguauuuauucuagucucuuccucuucc,KQ034081:851442..851517:-
KQ038695_49277,172.4,37 +/- 7%,-,364,362,0,2,no,-,-,-,-,uagaaggauaaaauaaaggagcu,uuuuguauuugaauccuuugcu,uagaaggauaaaauaaaggagcuauaauauuuuuguauuugaauccuuugcu,KQ038695:973..1025:-
KQ034237_23637,154.3,37 +/- 7%,-,325,324,0,1,no,-,-,-,-,uaggaccaagggacagaaau,uuuugacauugugaucuagagc,uuuugacauugugaucuagagcaaauuuaggaccaagggacagaaau,KQ034237:594230..594277:+
KQ037250_47999,151,37 +/- 7%,-,293,291,0,2,yes,-,-,-,-,uagcugcccuggacuccugccu,gucaggaguucaggcuagcuaa,gucaggaguucaggcuagcuaacgugcuaguaacauuagcugcccuggacuccugccu,KQ037250:38..96:+
KQ035153_39709,150.9,37 +/- 7%,-,293,291,0,2,yes,-,-,-,-,uagcugcccuggacuccugccu,gucaggaguucaggcuagcuaa,gucaggaguucaggcuagcuaacgugcuaguaacauuagcugcccuggacuccugccu,KQ035153:9178..9236:+
KQ036017_44964,150.9,37 +/- 7%,-,293,291,0,2,yes,-,-,-,-,uagcugcccuggacuccugccu,gucaggaguucaggcuagcuaa,gucaggaguucaggcuagcuaacgugcuaguaacauuagcugcccuggacuccugccu,KQ036017:399..457:-
KQ034302_26191,146.9,37 +/- 7%,-,300,286,0,14,no,-,-,-,-,uaaccuugaaacuucggcc,aaugacgucuuagggugu,aaugacgucuuaggguguacgguaaccuugaaacuucggcc,KQ034302:474936..474977:+
KQ034056_4743,137.6,37 +/- 7%,-,286,143,25,118,no,-,-,-,-,auugacuggaccaucugaau,aagagugguaccagucggagau,auugacuggaccaucugaauuaugggaaggccagagagcacacuucgaagcaagagugguaccagucggagau,KQ034056:7604302..7604375:-
KQ034106_13075,134.9,37 +/- 7%,-,279,262,0,17,no,-,-,-,-,uuuggccaggauugaaagau,ucaagucuggcccgugca,ucaagucuggcccgugcaauccgcuuuuauuauuuuuuggccaggauugaaagau,KQ034106:12569..12624:+
KQ034174_20269,118.4,37 +/- 7%,-,247,244,0,3,no,-,-,-,-,ucgagaaaucauaacggucugu,cagaccggagacuugacuu,ucgagaaaucauaacggucugucaacaguguugccaucuauaugucagaccggagacuugacuu,KQ034174:84125..84189:-
KQ034759_36021,96.1,37 +/- 7%,-,186,158,1,27,yes,-,-,-,-,uagcaccauagcauucagcuu,acugaauguuguggcggu,acugaauguuguggcggugcagauuuacuuucgcuuacuguagcaccauagcauucagcuu,KQ034759:19353..19414:+
KQ034764_36051,92.1,37 +/- 7%,-,178,177,0,1,yes,-,-,-,-,auggagauagugaggcuagagc,cccuggcucucucuaucuucca,auggagauagugaggcuagagcgugaacagaugagaauagcaucaucccuggcucucucuaucuucca,KQ034764:59111..59179:-
KQ034069_8031,86.5,37 +/- 7%,-,224,221,0,3,no,-,-,-,-,uuaauaucagccuggagc,ucaaguuuuauuugagaagac,uuaauaucagccuggagcuccuuaauuagagcagcuauaucuucaaguuuuauuugagaagac,KQ034069:1820552..1820615:-
KQ037287_48041,86.5,37 +/- 7%,-,224,221,0,3,no,-,-,-,-,uuaauaucagccuggagc,ucaaguuuuauuugagaagac,uuaauaucagccuggagcuccuuaauuagagcagcuauaucuucaaguuuuauuugagaagac,KQ037287:6869..6932:-
KQ035452_40952,85.2,37 +/- 7%,-,164,162,0,2,yes,-,-,-,-,uagcuguccuggacuccugccu,gucaggaguucaggcuagcuaa,gucaggaguucaggcuagcuaacgugcuaguaacauuagcuguccuggacuccugccu,KQ035452:5604..5662:-
KQ036401_46405,85.1,37 +/- 7%,-,175,166,0,9,no,-,-,-,-,uucagcuucgcgaaggac,uuaauucgcuagcugugggu,uucagcuucgcgaaggacucuacacuuucgccuacagucgacaauagauguuuuaauucgcuagcugugggu,KQ036401:713..785:-
KQ034169_19893,84,37 +/- 7%,-,180,175,0,5,yes,-,-,-,-,uuuaaggcuuaggaaggc,ugugauuaagguuuugaaguc,uuuaaggcuuaggaaggcuugggagaaggugauuaaccauugaggugaggagcguaauuaaaggugugauuaagguuuugaaguc,KQ034169:926464..926549:-
KQ035203_40033,84,37 +/- 7%,-,180,175,0,5,yes,-,-,-,-,uuuaaggcuuaggaaggc,ugugauuaagguuuugaaguc,uuuaaggcuuaggaaggcuugggagaaggugauuaaccauugaggugaggagcguaauuaaaggugugauuaagguuuugaaguc,KQ035203:32717..32802:-
KQ034209_22367,78.2,37 +/- 7%,-,151,102,0,49,yes,-,-,-,-,uguccggcaguguacugaaaga,uacagcucacuguccggu,uacagcucacuguccggugauagugacguaaccaaagaauacuguccggcaguguacugaaaga,KQ034209:477378..477442:+
KQ038540_49209,74.3,37 +/- 7%,-,172,165,0,7,no,-,-,-,-,gcguuuacggaaacauca,uuccuguauuugaaugaaaaauu,uuccuguauuugaaugaaaaauugcguuuacggaaacauca,KQ038540:2585..2626:-
KQ034340_27561,71.6,37 +/- 7%,-,137,136,0,1,yes,-,-,-,-,uaauaccugagaucuuuggcg,ccaaagaucucagguauu,ccaaagaucucagguauuaauacuuauuagccaagauggaaacuuuucccaucgcguuaauaccugagaucuuuggcg,KQ034340:412512..412590:+
KQ034340_27578,71.6,37 +/- 7%,-,137,136,0,1,yes,-,-,-,-,uaauaccugagaucuuuggcg,ccaaagaucucagguauu,ccaaagaucucagguauuaacgcgaugggaaaaguuuccaucuuggcuaauaaguauuaauaccugagaucuuuggcg,KQ034340:412510..412588:-
KQ034106_13154,70.3,37 +/- 7%,-,136,92,0,44,yes,-,-,-,-,auaaagcuaggucagcgaagga,ucuuuggugaucuaacuguaug,ucuuuggugaucuaacuguaugaaguuuacugaauucauaaagcuaggucagcgaagga,KQ034106:2053240..2053299:-
KQ034847_36627,70.3,37 +/- 7%,-,145,136,0,9,no,-,-,-,-,uucagcuucgcgaaggac,uuaauucgcuagcugugggu,uucagcuucgcgaaggacccuacacuuucgccuacagucgacaauagguguuuuaauucgcuagcugugggu,KQ034847:75634..75706:-
KQ035693_42760,69.8,37 +/- 7%,-,151,132,0,19,no,-,-,-,-,uuuugaggcuugaaagaac,ucuuacaacuccggaagcc,ucuuacaacuccggaagccauucuaccuuuggcaacaaaacauuuugaggcuugaaagaac,KQ035693:15383..15444:-
KQ034154_18272,69.8,37 +/- 7%,-,151,132,0,19,no,-,-,-,-,uuuugaggcuugaaagaac,ucuuacaacuccggaagcc,ucuuacaacuccggaagccauucuaccuuuggcaauaaaacauuuugaggcuugaaagaac,KQ034154:1134235..1134296:-
KQ036985_47623,68.2,37 +/- 7%,-,131,128,0,3,yes,-,-,-,-,uuccccccuccccuuaguagu,uuacuagggccuaggggggaag,uuacuagggccuaggggggaagaccuugggcucuuccccccuccccuuaguagu,KQ036985:8677..8731:+
KQ034121_14836,66,37 +/- 7%,-,141,138,0,3,no,-,-,-,-,uagcaauguccguagagcuaagccu,uucuucgcuuucaauauggau,uucuucgcuuucaauauggauccuauugguucauguaaucccuuuagcaauguccguagagcuaagccu,KQ034121:570078..570147:-
KQ035753_43343,64,37 +/- 7%,-,138,135,0,3,no,-,-,-,-,aucgaguucggugaccgcc,cggucacuucugaggaaag,aucgaguucggugaccgccuuaacggucacuucugaggaaag,KQ035753:3078..3120:-
KQ035192_39960,61.5,37 +/- 7%,-,118,98,0,20,yes,-,-,-,-,uagugaauguaauuauagcugu,acuguaauuacauucacuacacu,uagugaauguaauuauagcuguucugcaucaugcgauauccaacuguaauuacauucacuacacu,KQ035192:27752..27817:+
ACPB03043327_3445,60.2,37 +/- 7%,-,131,105,0,26,yes,-,-,-,-,aguucuugcauuuaugguaga,caaccauauuugcgugaaagu,aguucuugcauuuaugguagauuuaauuuuccaaccauauuugcgugaaagu,ACPB03043327:1136..1188:-
KQ035923_44730,55.4,37 +/- 7%,-,106,89,0,17,yes,-,-,-,-,caaagcauaugaauucuggaac,uuuagaauuuguauacgcuuuguc,uuuagaauuuguauacgcuuugucguuuauuuuaauuuccacaaagcauaugaauucuggaac,KQ035923:5101..5164:-
KQ035329_40498,55.3,37 +/- 7%,-,122,117,4,1,no,-,-,-,-,uacuguguacacaucuggccu,cuuguguaccucaaggaagu,cuuguguaccucaaggaaguauucucggaccgcuucucuauacuguguacacaucuggccu,KQ035329:39611..39672:-
KQ038540_49210,54.9,37 +/- 7%,-,172,165,0,7,no,-,-,-,-,gcguuuacggaaacauca,uuccuguauuugaaugaaaaauu,uuccuguauuugaaugaaaaauugcguuuacggaaacauca,KQ038540:2585..2626:-
KQ034178_20595,54.9,37 +/- 7%,-,105,85,0,20,yes,-,-,-,-,uauggucugagaacuggcggug,cacgccgguacuuagccaucg,uauggucugagaacuggcggugcugcaucauuuccuggcacgccgguacuuagccaucg,KQ034178:1278557..1278616:-
KQ034489_31481,46.8,37 +/- 7%,-,93,81,8,4,yes,-,-,-,-,aauaggaugucaacgcucgaau,cgggcguaugauuuccuagaaagaau,cgggcguaugauuuccuagaaagaauuguugaucaauguagcguugauugucuucgaugguauuaauaggaugucaacgcucgaau,KQ034489:312595..312681:+
KQ034394_29414,45.2,37 +/- 7%,-,84,76,0,8,yes,-,-,-,-,cauauaaauguggugaaug,auucaccacauuuauaug,cauauaaauguggugaaugcaauaaucuauuaauugcauucaccacauuuauaug,KQ034394:41381..41436:+
KQ035112_39288,44.7,37 +/- 7%,-,114,113,0,1,no,-,-,-,-,ugcgaucuucagagcuguggcgac,uacccauuuuuuccuccgc,ugcgaucuucagagcuguggcgacgauucgaguuacccauuuuuuccuccgc,KQ035112:11078..11130:+
KQ034057_5038,44.7,37 +/- 7%,-,110,107,0,3,no,-,-,-,-,caaucugaaugccuuggc,aagaaucgcaucagaugu,caaucugaaugccuuggcuaucaguauauacccaagaaucgcaucagaugu,KQ034057:3619200..3619251:+
KQ034073_8654,42.3,37 +/- 7%,-,83,77,0,6,yes,-,-,-,-,caguucucuguacaucccacu,ucgggaugaacggagaauugu,ucgggaugaacggagaauuguauuuuuauuuuaagaacaaaacugaccaguucucuguacaucccacu,KQ034073:585146..585214:-
KQ034166_19623,41.6,37 +/- 7%,-,94,92,0,2,no,-,-,-,-,uauaacaacccggauucgugaac,uaugaauccgcuguuuggc,uaugaauccgcuguuuggcugguaccauuauacgccacuggguucucugagcuuuacuaucuguccaguauaacaacccggauucgugaac,KQ034166:1087861..1087952:+
ACPB03023843_67,41.6,37 +/- 7%,-,94,92,0,2,no,-,-,-,-,uauaacaacccggauucgugaac,uaugaauccgcuguuuggc,uaugaauccgcuguuuggcugguaccauuauacgccacuggguucucugagcuuuacuaucuguccaguauaacaacccggauucgugaac,ACPB03023843:45021..45112:+
KQ034056_4321,41.6,37 +/- 7%,-,94,92,0,2,no,-,-,-,-,uauaacaacccggauucgugaac,uaugaauccgcuguuuggc,uaugaauccgcuguuuggcugguaccauuauacgccacuggguucucugagcuuuacuaucuguccaguauaacaacccggauucgugaac,KQ034056:6163908..6163999:+
KQ034502_31808,41.3,37 +/- 7%,-,98,95,0,3,no,-,-,-,-,cuacauagaaacgacaggaccacc,gguuaaagaugaguuucguagaau,cuacauagaaacgacaggaccaccaguuaaugcaaaauccaggagguuacauccugaacgauacagagugguuaaagaugaguuucguagaau,KQ034502:387635..387728:+
KQ034327_27027,41.3,37 +/- 7%,-,98,95,0,3,no,-,-,-,-,cuacauagaaacgacaggaccacc,gguuaaagaugaguuucguagaau,cuacauagaaacgacaggaccaccaguuaaugcaaaauccaggagguuacauccugaacgauacagagugguuaaagaugaguuucguagaau,KQ034327:481831..481924:-
KQ034386_29228,39.6,37 +/- 7%,-,107,105,0,2,no,-,-,-,-,uucgauccgugccuggggc,ccggagcauacuugaagaauu,ccggagcauacuugaagaauucguaugaaauucgauccgugccuggggc,KQ034386:351104..351153:-
KQ034175_20300,39,37 +/- 7%,-,92,91,0,1,no,-,-,-,-,uagacgagguagaugauaaau,uuuaucaagaucacgacu,uagacgagguagaugauaaauauuuuuaacaaaauuguuuagaacuuuaucaagaucacgacu,KQ034175:625628..625691:+
KQ034441_30543,38.6,37 +/- 7%,-,92,91,0,1,no,-,-,-,-,uagacgagguagaugauaaau,uuuaucaagaucacgacu,uagacgagguagaugauaaauauuuuuaacaaaauuguuuaggacuuuaucaagaucacgacu,KQ034441:38938..39001:-
KQ034178_20500,30.4,37 +/- 7%,-,154,151,0,3,no,-,-,-,-,ugcaacaacgagaggacc,uuucuccauugucuguuaagcca,ugcaacaacgagaggaccaauaucaucaaacaccaaaauugaauuagaacauauucuuuucuccauugucuguuaagcca,KQ034178:2032..2112:+
KQ034162_18982,30.3,37 +/- 7%,-,78,73,1,4,no,-,-,-,-,uaagucuguggaauuccggc,uucgaggaagcggauugaaau,uaagucuguggaauuccggccauucaucaauauuaccggcgaauugaggaauagguauucgaggaagcggauugaaau,KQ034162:1276757..1276835:+
KQ034161_18674,27.8,37 +/- 7%,-,105,104,0,1,no,-,-,-,-,uauuaagaugguccagagac,uuuagggccucaauaauaaaau,uuuagggccucaauaauaaaauaguauaauuuauuaagaugguccagagac,KQ034161:1403090..1403141:-
KQ034203_22123,26.7,37 +/- 7%,-,60,59,0,1,no,-,-,-,-,aaaacaguccugggcggac,acugcuggggagaaucugau,acugcuggggagaaucugaugaguaguucauguauuuccaugaagacuagaaaacaguccugggcggac,KQ034203:837170..837239:+
KQ034121_14491,25.8,37 +/- 7%,-,90,79,0,11,no,-,-,-,-,uuauuuagaucauauagau,ucugcugguuggccugaauu,ucugcugguuggccugaauuaaauaaacauuuaaaaauguauaauuauuuagaucauauagau,KQ034121:560723..560786:+
KQ034450_30702,25.4,37 +/- 7%,-,58,32,0,26,no,-,-,-,-,ugaguuguagugccguuggau,uuuaaggcgcgucaacauc,ugaguuguagugccguuggaugaugaugaugauuauuauuuuaauuauuuaaggcgcgucaacauc,KQ034450:302023..302089:+
KQ034066_7221,24.4,37 +/- 7%,-,68,66,0,2,no,-,-,-,-,uuguucgucaccaaggacc,ucccaagcuuugacgacagu,ucccaagcuuugacgacaguuuugaucuuacuaagcuuauuguucgucaccaaggacc,KQ034066:522490..522548:+
KQ034060_5899,24.4,37 +/- 7%,-,64,45,0,19,no,-,-,-,-,ucgguuuaggcuuggagugu,uaaucuauugcguggagcc,uaaucuauugcguggagccagucaaauuggaaguaaggaaaagugucguaucgguuuaggcuuggagugu,KQ034060:2588618..2588688:+
KQ034418_30010,23.4,37 +/- 7%,-,44,39,0,5,yes,-,-,-,-,gaaguacgggacguguagggca,accuuacacucuuugauacuu,accuuacacucuuugauacuucugcaaucauucagaaguacgggacguguagggca,KQ034418:291606..291662:-
ACPB03025909_280,23.4,37 +/- 7%,-,45,39,0,6,yes,-,-,-,-,ucuagugucuggagcuccauu,uucgagcucugacauugu,uucgagcucugacauuguuagugggacguuauauguuucacugaaggugguauuaaaaucuagugucuggagcuccauu,ACPB03025909:35032..35111:-
KQ034096_12170,23.1,37 +/- 7%,-,43,42,0,1,yes,-,-,-,-,aguuucagugaucgccgcuagg,uagcggcaauagcauaaacu,uagcggcaauagcauaaacuaggaagauguaacuaguuucagugaucgccgcuagg,KQ034096:314440..314496:-
KQ034165_19592,21.7,37 +/- 7%,-,51,30,0,21,no,-,-,-,-,ugaaugaugucaggcguccugac,uuggacuucucccugacu,ugaaugaugucaggcguccugacaaaggcgcuccuucgaguguugcaaaaccuucguuggacuucucccugacu,KQ034165:990679..990753:-
KQ034244_24048,21.2,37 +/- 7%,-,41,40,0,1,yes,-,-,-,-,aauugggcgguggacuagacc,uucaguccaccaccuggac,uucaguccaccaccuggacaguuaauucaauugggcgguggacuagacc,KQ034244:835370..835419:-
KQ034072_8507,20.9,37 +/- 7%,-,38,37,0,1,yes,-,-,-,-,uuaaugacucaccaaccugag,cuagguuguugagucauu,uuaaugacucaccaaccugagcguauuuaauuucugccuagguuguugagucauu,KQ034072:832074..832129:-
KQ034338_27475,19.6,37 +/- 7%,-,53,46,0,7,no,-,-,-,-,uaccugagucguccggcagc,uguccuggcggcuucggu,uaccugagucguccggcagcguuguuucuuaaacaauacaaaaucagauugcagcauucaucucgcuuuguccuggcggcuucggu,KQ034338:35923..36009:-
KQ034418_29997,19.1,37 +/- 7%,-,37,35,0,2,yes,-,-,-,-,uguaccggaaguauggaaagc,cuucucauaguuccuguagcacu,cuucucauaguuccuguagcacugugaacaguuaguguaccggaaguauggaaagc,KQ034418:216689..216745:+
ACPB03046920_4031,19.1,37 +/- 7%,-,66,54,3,9,no,-,-,-,-,uaauucgggauuuaaaaac,uuucaaaagccggaaagc,uaauucgggauuuaaaaacaucuguucuggauuucgggaucgaguauagugacuuucaaaagccggaaagc,ACPB03046920:294..365:-
KQ034113_13807,18.8,37 +/- 7%,-,54,52,0,2,no,-,-,-,-,ugaagaucuggauugagagggu,uguuuggaagaggacuuagau,ugaagaucuggauugagagggugaagaggcuuguuuggaagaggacuuagau,KQ034113:1044383..1044435:-
KQ034353_28409,17.4,37 +/- 7%,-,48,46,0,2,no,-,-,-,-,uaaaccuguagcguugccgcc,ucggugcucaagcgggaaaaac,ucggugcucaagcgggaaaaacuguacaguaacucagaagguugauguaugguuauaaaccuguagcguugccgcc,KQ034353:58910..58986:+
KQ034065_6933,14.9,37 +/- 7%,-,45,36,0,9,no,-,-,-,-,aaugcuguagacaccguc,acggaaacugcagcugauc,acggaaacugcagcugaucauuguaaacaaacguuauuauuagugauugauaaugcuguagacaccguc,KQ034065:397924..397993:+
KQ034331_27175,14.2,37 +/- 7%,-,29,24,0,5,yes,-,-,-,-,aaugggacggaauuaggaac,ucuaaauuucgucccggggac,ucuaaauuucgucccggggacgaaauuuagacuauuuaaugggacggaauuaggaac,KQ034331:391028..391085:+
KQ034186_21039,12.9,37 +/- 7%,-,35,21,0,14,no,-,-,-,-,ucuggaaacugagggcgcaacu,caugcguaucaguuccgagu,caugcguaucaguuccgagugaaagcuauuaacgacgaaggagaauccgagccucuggaaacugagggcgcaacu,KQ034186:1150311..1150386:+
KQ034175_20315,12.8,37 +/- 7%,-,35,30,0,5,yes,-,-,-,-,acuuagcagcugugggauucgugc,cuaggaucucucucugcuaac,acuuagcagcugugggauucgugccuaggaucucucucugcuaac,KQ034175:264697..264742:-
KQ034080_9467,12.8,37 +/- 7%,-,31,22,0,9,yes,-,-,-,-,aauguuaccucuacuucuucauc,gacgaagucugauguaacaacu,gacgaagucugauguaacaacugcuagcaacacuaauguuaccucuacuucuucauc,KQ034080:1539802..1539859:+
KQ034437_30460,12,37 +/- 7%,-,44,26,0,18,no,-,-,-,-,auugugguuucgucagcgccc,acgcugacugugaccacuac,auugugguuucgucagcgcccaguaagcacauuaucacucacacacauacgcugacugugaccacuac,KQ034437:31246..31314:-
KQ034057_5118,11.2,37 +/- 7%,-,34,32,0,2,no,-,-,-,-,ccgacauggucucgccuugu,aaagccugaccauguccuc,aaagccugaccauguccucccugacgcuaguccgaaauuccgacauggucucgccuugu,KQ034057:2091338..2091397:-
ACPB03023843_66,11,37 +/- 7%,-,34,17,12,5,no,-,-,-,-,ugcguucucaucgggacc,uucccaugcuacuuagagggc,ugcguucucaucgggaccaccucugcguaccgagugaaaugaucgaccauaguaagaagguagcgguuucccaugcuacuuagagggc,ACPB03023843:44698..44786:+
KQ034219_22827,11,37 +/- 7%,-,34,17,12,5,no,-,-,-,-,ugcguucucaucgggacc,uucccaugcuacuuagagggc,ugcguucucaucgggaccaccucugcguaccgagugaaaugaucgaccauaguaagaagguagcgguuucccaugcuacuuagagggc,KQ034219:30688..30776:-
KQ034059_5589,8.5,36 +/- 6%,-,28,27,0,1,no,-,-,-,-,uaagcacuucauuuggaaug,ucccagauuucaagcaggcgu,ucccagauuucaagcaggcguuaaacauaucaagcagcaguccugcuuucugcugcgcuacaauauuaagcacuucauuuggaaug,KQ034059:2648847..2648933:+
ACPB03040160_2778,7.6,36 +/- 6%,-,22,19,0,3,no,-,-,-,-,uuggaguagauuuaagagc,uugaacuguauccggcugac,uuggaguagauuuaagagcucccaggcaggaccucagagcuuugaacuguauccggcugac,ACPB03040160:94..155:+
KQ034776_36099,7.6,36 +/- 6%,-,22,19,0,3,no,-,-,-,-,uuggaguagauuuaagagc,uugaacuguauccggcugac,uuggaguagauuuaagagcucccaggcaggaccucagagcuuugaacuguauccggcugac,KQ034776:445..506:-
KQ034466_31073,6.7,35 +/- 6%,-,45,27,6,12,no,-,-,-,-,ucugaaguaccuggagagc,ugacaguggaacaggaagu,ucugaaguaccuggagagcaauauuguuuuaaaaagaaagaucugauuggauuuagggcuugacaguggaacaggaagu,KQ034466:100320..100399:-
KQ034985_38558,5.4,35 +/- 6%,-,25,24,0,1,no,-,-,-,-,uuggaccggcuuacacucuagc,uucggguuuuguaagcuuccu,uucggguuuuguaagcuuccuuccaauuucgaugggaguuuggaccggcuuacacucuagc,KQ034985:3621..3682:-
KQ034920_37694,5.4,35 +/- 6%,-,25,24,0,1,no,-,-,-,-,uuggaccggcuuacacucuagc,uucggguuuuguaagcuuccu,uucggguuuuguaagcuuccuuccaauuucgaugggaguuuggaccggcuuacacucuagc,KQ034920:68342..68403:-
ACPB03044471_3637,3.6,37 +/- 6%,-,17,13,0,4,no,-,-,-,-,uucagguaggcugggacc,uccuaaacuccaggcggac,uccuaaacuccaggcggacaucggcuucagguaggcugggacc,ACPB03044471:989..1032:+
KQ034204_22185,3.6,37 +/- 6%,-,15,14,0,1,no,-,-,-,-,aaaagcgcuggucagggc,uugaucagcugucuguccgau,uugaucagcugucuguccgauaaaaaagcgcuggucagggc,KQ034204:604195..604236:+
KQ034394_29441,3.2,37 +/- 6%,-,140,124,0,16,yes,-,-,-,-,cauauaaauguggugaaugcaauu,auucaccacauuuauaug,cauauaaauguggugaaugcaauuaauagauuauugcauucaccacauuuauaug,KQ034394:41381..41436:-
KQ034101_12631,3.1,37 +/- 6%,-,17,15,2,0,yes,-,-,-,-,uuggagaauaugacggcc,ccgucauauucuccaauu,uuggagaauaugacggccaaucggaucgcaguauucuagaauggauugaauacugcaaucugauuggccgucauauucuccaauu,KQ034101:2231032..2231117:-
KQ034101_12592,3.1,37 +/- 6%,-,15,15,0,0,yes,-,-,-,-,uuggagaauaugacggcc,ccgucauauucuccaauu,uuggagaauaugacggccaaucagauugcaguauucaauccauucuagaauacugcgauccgauuggccgucauauucuccaauu,KQ034101:2231034..2231119:+
KQ034231_23354,3,37 +/- 6%,-,205,205,0,0,yes,-,-,-,-,cagcagcagacuaaggacu,uccuuagucugcugcugca,cagcagcagacuaaggacuucuuagaagaaguccuuagucugcugcugca,KQ034231:870301..870351:+
KQ034231_23363,3,37 +/- 6%,-,205,205,0,0,yes,-,-,-,-,cagcagcagacuaaggacu,uccuuagucugcugcugca,cagcagcagacuaaggacuucuucuaagaaguccuuagucugcugcugca,KQ034231:870299..870349:-
KQ034058_5277,2.6,49 +/- 5%,-,839,306,0,533,yes,-,-,-,-,aucgggacagucacuccuggcu,aggggcugugccgaugggu,aggggcugugccgauggguaggcuugccacuccaucgggacagucacuccuggcu,KQ034058:4216448..4216503:+
KQ034056_4505,2.5,49 +/- 5%,-,47,29,4,14,yes,-,-,-,-,ugggcaaccaggucuuccug,acaggucagcccggcggac,ugggcaaccaggucuuccuggaggaacagguuauccaggacagccggguggcccaggacaaccaggaaguacaggucagcccggcggac,KQ034056:1898784..1898873:-
KQ034316_26656,2.4,49 +/- 5%,-,29655,29655,0,0,yes,-,-,-,-,uggcaagaugucggcauagccg,gcugugccacauccagccacc,uggcaagaugucggcauagccgugugagacauguuuccggcugugccacauccagccacc,KQ034316:377459..377519:+
KQ034324_26878,2.4,49 +/- 5%,-,43,43,0,0,yes,-,-,-,-,agauguucgguaauggcc,ccauuacuggacauccuu,agauguucgguaauggccagagaaaaucuucuuagaaauacauuuuauugauuaagauuucucuggccauuacuggacauccuu,KQ034324:554909..554993:+
KQ034306_26337,2.4,49 +/- 5%,-,40,40,0,0,yes,-,-,-,-,agcagcgucgguggcgggc,ccgccaccgccgcugugg,ccgccaccgccgcuguggccucccagcagccagcagcgucgguggcgggc,KQ034306:686791..686841:+
KQ034072_8503,2.3,49 +/- 5%,-,183,183,0,0,yes,-,-,-,-,ugucacuaguuugggcuucggau,caugaagcgcuuauuagugacaca,ugucacuaguuugggcuucggauuuauaauuuucaugaagcgcuuauuagugacaca,KQ034072:828222..828279:-
KQ034173_20204,2.3,49 +/- 5%,-,252,252,0,0,yes,-,-,-,-,uaagacuucaaaucacucgggc,ucgaguucacacuugaaaucgguc,uaagacuucaaaucacucgggcgcugcaguagcgccgcucgaguucacacuugaaaucgguc,KQ034173:575657..575719:+
KQ034375_28996,2.3,49 +/- 5%,-,568,560,0,8,yes,-,-,-,-,uuauuguccugucacagcagua,uacugcugcaacgggacauagcc,uuauuguccugucacagcaguauuguugagcuuaauccuacugcugcaacgggacauagcc,KQ034375:616882..616943:+
KQ034264_24819,2.3,49 +/- 5%,-,453,408,3,42,yes,-,-,-,-,uacuggccugccaaguccca,ggggacuuagugguauaguagg,ggggacuuagugguauaguaggugacuuauggacagaucaaggcauucccuacuggccugccaaguccca,KQ034264:858858..858928:+
KQ034114_13874,2.3,49 +/- 5%,-,955,953,0,2,yes,-,-,-,-,uuuuuuuuucugccuuucag,ccgaaagguagaagaaaagaa,uuuuuuuuucugccuuucaggggagugacucucaaacgauccccgaaagguagaagaaaagaa,KQ034114:1239972..1240035:+
KQ034078_9263,2.3,49 +/- 5%,-,23,23,0,0,yes,-,-,-,-,uuccgucucauacuaacuugcu,caagugcagugcgagacggugac,uuccgucucauacuaacuugcugacuacgcuuaauuuaccgcagcaagugcagugcgagacggugac,KQ034078:559869..559936:-
KQ034327_26968,2.3,49 +/- 5%,-,255,255,0,0,yes,-,-,-,-,uaagacuucaaaucacucgggc,ucgaguucacacuugaaauc,uaagacuucaaaucacucgggcguugcaacagcgccgcucgaguucacacuugaaauc,KQ034327:66300..66358:+
KQ034266_24872,2.3,49 +/- 5%,-,17,17,0,0,yes,-,-,-,-,uaguugcuguagcuguagc,agcagaagcaguagcugag,uaguugcuguagcuguagccguugcaacauuagcaguagcugagguagcagaagcaguagcugag,KQ034266:173168..173233:+
KQ036166_45477,2.3,49 +/- 5%,-,48,48,0,0,yes,-,-,-,-,ccggaaacugaaggaaggc,acuccuucguaccgggc,ccggaaacugaaggaaggcuucuaucauggagcuagcacuucgaagcacuccuucguaccgggc,KQ036166:124..188:-
KQ034072_8505,2.2,49 +/- 5%,-,183,183,0,0,yes,-,-,-,-,ugucacuaguuugggcuucggau,caugaagcgcuuauuagugacaca,ugucacuaguuugggcuucggauuuuuaauuuucaugaagcgcuuauuagugacaca,KQ034072:830839..830896:-
KQ034192_21547,2.2,49 +/- 5%,-,72,72,0,0,yes,-,-,-,-,uagcggcaauagcaugaacu,uuccagugauuaccgcuagg,uagcggcaauagcaugaacuagaaagauguaauuacauuggaacuaguuccagugauuaccgcuagg,KQ034192:2564..2631:-
KQ034327_26970,2.2,49 +/- 5%,-,20,20,0,0,yes,-,-,-,-,aaugggagucguuucuuuggaac,uccucaaggaaacuuuccuuacua,aaugggagucguuucuuuggaacaaggacguuauugcuuacccuugcaauaacguccuauuuccucaaggaaacuuuccuuacua,KQ034327:146123..146208:+
KQ034322_26829,2.2,49 +/- 5%,-,67,63,0,4,yes,-,-,-,-,gaguuuuccguucugacuguu,aacagucagagcagaagac,gaguuuuccguucugacuguuuaggaaguuuuggcaguuaaguacuaacagucagagcagaagac,KQ034322:325821..325886:-
KQ034056_4506,2.2,49 +/- 5%,-,32,29,2,1,yes,-,-,-,-,ugggcaaccaggucuuccug,aaggaccaucuggacaaccaggc,aaggaccaucuggacaaccaggccaacccggacaaccaggccagccugggcaaccaggucuuccug,KQ034056:1898853..1898919:-
KQ034221_22943,2.2,49 +/- 5%,-,23,23,0,0,yes,-,-,-,-,cugaaagugaaucuggcc,ucgauucgcccaguc,cugaaagugaaucuggccaagugucgauucgcccaguc,KQ034221:808342..808380:-
KQ034235_23539,2.2,49 +/- 5%,-,128,128,0,0,yes,-,-,-,-,uuccccccuccccuuaguagu,uacuagggccuagggggggaga,uacuagggccuagggggggagaccuugggcucuuccccccuccccuuaguagu,KQ034235:1021704..1021757:+
KQ034114_13957,2.2,49 +/- 5%,-,48,30,0,18,yes,-,-,-,-,cucagaagugucgcuuaaagac,uuaaacgacacuucugagu,cucagaagugucgcuuaaagaccuaucuuuaaacgacacuucugagu,KQ034114:1490174..1490221:-
KQ034186_21105,2.1,49 +/- 5%,-,771,771,0,0,yes,-,-,-,-,ugugaugugcaugugggcu,cccacaguuacaucacuggc,ugugaugugcaugugggcuuucuguauuguuugccuaguggcccacaguuacaucacuggc,KQ034186:375118..375179:-
KQ034088_11164,2.1,49 +/- 5%,-,23,23,0,0,yes,-,-,-,-,uucaucuucaucugguucu,aaucaagugaagaugaagc,uucaucuucaucugguucuagcagugaaucaagugaagaugaagc,KQ034088:314760..314805:+
KQ036139_45363,2.1,49 +/- 5%,-,36,36,0,0,yes,-,-,-,-,uaaagcuugacagggacuc,guuccucuagggcuccgca,uaaagcuugacagggacucagugagcgauuggguaaaccccgcccaauggguuccucuagggcuccgca,KQ036139:16159..16228:-
KQ035469_41051,2.1,49 +/- 5%,-,17,17,0,0,yes,-,-,-,-,aguggcagccaaggacugc,uuuccuuggcugcuaauua,aguggcagccaaggacugcuaaaguuuccuuggcugcuaauua,KQ035469:30022..30065:-
KQ034094_12032,2.1,49 +/- 5%,-,72,72,0,0,yes,-,-,-,-,uagcggcaauagcaugaacu,uuucagugauuaccgcuagg,uagcggcaauagcaugaacuagaaagauguaauuacauuggaacuaguuucagugauuaccgcuagg,KQ034094:2379358..2379425:+
KQ034072_8499,2.1,49 +/- 5%,-,38,38,0,0,yes,-,-,-,-,ugugacaccaaucugggc,cuuauuggugucacaug,ugugacaccaaucugggcuucguacuuguaaguuuuugugaagcacuuauuggugucacaug,KQ034072:817913..817975:-
KQ034072_8501,2.1,49 +/- 5%,-,89,89,0,0,yes,-,-,-,-,ugugucaccaauuugggc,gcuuauuagugacacgug,ugugucaccaauuugggcuugaacauguaagguuaagcgcuuauuagugacacgug,KQ034072:826632..826688:-
KQ034162_19372,2,49 +/- 5%,-,29,29,0,0,yes,-,-,-,-,uuugccggcuaccacagu,uuggguauuuuugcugccuuaga,uuugccggcuaccacaguuguggagauucccucucuaacuuggguauuuuugcugccuuaga,KQ034162:1381462..1381524:+
KQ034418_30003,2,49 +/- 5%,-,53,53,0,0,yes,-,-,-,-,auauaugcauuuguccagggcg,cccuagacaaauacauuuuguug,cccuagacaaauacauuuuguuguugauaggagcaauauaugcauuuguccagggcg,KQ034418:217882..217939:+
KQ036516_46793,2,49 +/- 5%,-,25,25,0,0,yes,-,-,-,-,uagaugaugcuuggcugac,gugccaaucguuuccc,uagaugaugcuuggcugacuuuauggccgccucccacagaccgccaaaaugcggacuggcgggaggaauaaagugccaaucguuuccc,KQ036516:562..650:-
KQ034269_24968,2,49 +/- 5%,-,21,21,0,0,yes,-,-,-,-,uaguggcgaucgcuugaacu,uuugagcuauugccgcuagg,uaguggcgaucgcuugaacuacaaagauguaauuccacaacuaguuugagcuauugccgcuagg,KQ034269:481212..481276:+
KQ034193_21574,2,49 +/- 5%,-,24,24,0,0,yes,-,-,-,-,uagcggcaguaccuugaacu,uuucagugauuaccgcuagg,uagcggcaguaccuugaacuagggaaauguaauuacuuagaaacuaguuucagugauuaccgcuagg,KQ034193:845222..845289:+
KQ034872_37334,2,49 +/- 5%,-,83,83,0,0,yes,-,-,-,-,uguucgacggaaaagagu,ucuuuuccguugaacaga,uguucgacggaaaagaguuuaccaccucuuuuagaacaaucauuucaaaagagcacaaacucuuuuccguugaacaga,KQ034872:73300..73378:+
KQ034072_8495,2,49 +/- 5%,-,183,183,0,0,yes,-,-,-,-,ugucacuaguuugggcuucggau,caagaagcgcuuauuagugacaca,ugucacuaguuugggcuucggauuuguaauuuucaagaagcgcuuauuagugacaca,KQ034072:816352..816409:-
KQ036191_45558,1.9,61 +/- 4%,-,24,24,0,0,yes,-,-,-,-,uagcggcaguaccuugaacu,uuucagucauuaccgcuagg,uagcggcaguaccuugaacuagguaaaugugauuacuuaggaacuaguuucagucauuaccgcuagg,KQ036191:10092..10159:+
KQ034079_9323,1.9,61 +/- 4%,-,22667,17372,8,5287,yes,-,-,-,-,ucuuuggugaucuaagcuguau,auaaagcuagauuaccgaaguc,ucuuuggugaucuaagcuguaugaccuuauuucaucgguauaucauaaagcuagauuaccgaaguc,KQ034079:2112328..2112394:+
KQ034069_7987,1.9,61 +/- 4%,-,56,56,0,0,yes,-,-,-,-,gagaaaagugguagucgac,cgacuaucacuuuuuucuu,cgacuaucacuuuuuucuugcuucagguccauguuugaaaaauacuuggauguaagaagagaaaagugguagucgac,KQ034069:2845075..2845152:+
KQ034369_28856,1.9,61 +/- 4%,-,19,19,0,0,yes,-,-,-,-,uggucgcaguagaacauuguua,augguguuguauugcgaucuac,uggucgcaguagaacauuguuagauguuggaaaaucaucaguagaugguuuccucgagccuccgcuugaugguguuguauugcgaucuac,KQ034369:132851..132941:+
KQ034132_16513,1.9,61 +/- 4%,-,187,187,0,0,yes,-,-,-,-,aaccagagucgugacguc,agcaccucuggagag,aaccagagucgugacgucucauuguaacaauucacaaugagagcaccucuggagag,KQ034132:658865..658921:-
KQ034171_20126,1.9,61 +/- 4%,-,30,30,0,0,yes,-,-,-,-,ugcgaccuaacaaccuggc,cuguuaauaugcacg,ugcgaccuaacaaccuggcucggggacuggcuauacgcugguuuuagccuguuaauaugcacg,KQ034171:671917..671980:+
KQ035455_40957,1.9,61 +/- 4%,-,287,287,0,0,yes,-,-,-,-,uagguuaaacagaaugggacu,gcccauauguuuucccuuua,uagguuaaacagaaugggacuaaguaccgccccuugugguaauccauuggggguaugacguggcccauauguuuucccuuua,KQ035455:5251..5333:-
KQ034453_30766,1.9,61 +/- 4%,-,607,607,0,0,yes,-,-,-,-,accggccuguggacagugc,acuguucuacaggcuauag,accggccuguggacagugcucucuuucuacagauaacugucugucacuguucuacaggcuauag,KQ034453:450050..450114:+
KQ034453_30764,1.8,61 +/- 4%,-,607,607,0,0,yes,-,-,-,-,accggccuguggacagugc,acuguucuacaggcuauag,accggccuguggacagugcucucuuucuacagauaacugucugucacuguucuacaggcuauag,KQ034453:449918..449982:+
KQ034200_21970,1.8,61 +/- 4%,-,568,565,0,3,yes,-,-,-,-,uagcaccaugagaaaucaguac,ugguuucuuuugguggguag,ugguuucuuuugguggguaggcagauuaugguugacauccuagcaccaugagaaaucaguac,KQ034200:978172..978234:-
KQ034226_23197,1.8,61 +/- 4%,-,41,41,0,0,yes,-,-,-,-,uaucuucagcugucuggc,uagauaagguguu,uaucuucagcugucuggcgccuggagagcggaaccaaaaaaggguucccucucuccgaacagguguagauaagguguu,KQ034226:94693..94771:-
KQ035740_43271,1.8,61 +/- 4%,-,32,19,0,13,yes,-,-,-,-,uuggauuuuucucggaggggau,uuggaagagaauccugagc,uuggauuuuucucggaggggauauaauacuauuuguucccuuggaagagaauccugagc,KQ035740:23165..23224:-
KQ034060_6091,1.8,61 +/- 4%,-,20,20,0,0,yes,-,-,-,-,ggaguuacaaauauagaaagu,uuucuauguuuguaucucccc,ggaguuacaaauauagaaaguuacuaaaaaaauuauuuauuauuuuucuauguuuguaucucccc,KQ034060:3826924..3826989:-
KQ034085_10923,1.8,61 +/- 4%,-,187,187,0,0,yes,-,-,-,-,aaccagagucgugacguc,ggcaccucuggagag,aaccagagucgugacgucucauuguaacaauucacaaugagggcaccucuggagag,KQ034085:565887..565943:-
KQ034106_13156,1.8,61 +/- 4%,-,189,189,0,0,yes,-,-,-,-,ugacuagauuguacacuuguuc,gcgaguguauaucuugucgug,gcgaguguauaucuugucguguuuuaugauaauuuuagcuuuuuuaaaauauucaugacuagauuguacacuuguuc,KQ034106:2053411..2053488:-
KQ034266_24871,1.8,61 +/- 4%,-,17,17,0,0,yes,-,-,-,-,uaguugcuguagcuguagc,agcaguuguaguagcu,agcaguuguaguagcuguaacagcaguugcagacgcuguaggcaguaguugcuguagcuguagc,KQ034266:173123..173187:+
KQ034418_29999,1.8,61 +/- 4%,-,17,17,0,0,yes,-,-,-,-,auagaagugugugugucugggc,ccuuacacauacauugcuaauug,ccuuacacauacauugcuaauuguauugaaaaucaauagaagugugugugucugggc,KQ034418:217042..217099:+
KQ034106_13151,1.7,61 +/- 4%,-,5692,4444,0,1248,yes,-,-,-,-,aaggaacuauuggugugcau,uaucacagcaauauuuccug,aaggaacuauuggugugcauauaguacagguauuccuuuauaucacagcaauauuuccug,KQ034106:2052524..2052584:-
KQ034237_23665,1.7,61 +/- 4%,-,79,79,0,0,yes,-,-,-,-,aaccagagucgugacaccuc,gagcaccucuggagag,aaccagagucgugacaccucauugucgcaauuaacaaugagagcaccucuggagag,KQ034237:319005..319061:-
KQ036065_45196,1.7,61 +/- 4%,-,37,36,1,0,yes,-,-,-,-,uagaguaacaucgggccu,ucuugauguugcuacuaca,ucuugauguugcuacuacaaguccaggcuccaggcggagcagguguagaguaacaucgggccu,KQ036065:6152..6215:-
KQ034195_21722,1.7,61 +/- 4%,-,342,341,1,0,yes,-,-,-,-,uagagcaacaucgggcgu,ucuugauguugcuacuaca,ucuugauguugcuacuacaaguccaggcuccaggcggagcaggcguagagcaacaucgggcgu,KQ034195:790936..790999:-
KQ034103_12851,1.7,61 +/- 4%,-,116,116,0,0,yes,-,-,-,-,ugauugguugugaugcgaacu,cucaggauccaaccaaagaag,ugauugguugugaugcgaacuaccacaaugugguaugggguagcucaggauccaaccaaagaag,KQ034103:1594750..1594814:-
KQ034271_25042,1.7,61 +/- 4%,-,322,322,0,0,yes,-,-,-,-,gaggguucacuuggaggcu,ccuucauuugaacaucucuu,ccuucauuugaacaucucuuaccuuauaacccccugucccccaagaggguucacuuggaggcu,KQ034271:787311..787374:-
KQ036210_45614,1.6,61 +/- 4%,-,625,625,0,0,yes,-,-,-,-,uugaaacagggaggauagc,augcuuccuuguccacaguc,augcuuccuuguccacagucugggacaaugauugaaacagggaggauagc,KQ036210:11530..11580:-
ACPB03028854_641,1.6,61 +/- 4%,-,22,22,0,0,yes,-,-,-,-,uagcaaaauccugauggcuguc,cagccaucugcaauuugaacuacu,cagccaucugcaauuugaacuacuguuucuuguacuaguagcaaaauccugauggcuguc,ACPB03028854:13317..13377:+
KQ034489_31477,1.6,61 +/- 4%,-,23,21,0,2,yes,-,-,-,-,aauggguugaagagaaaacu,uuuccuaucagaaguuggauu,uuuccuaucagaaguuggauuaguuaauuuuauaucagauccugaagguucuagaaaugaaauuaaucaauggguugaagagaaaacu,KQ034489:294773..294861:+
KQ034186_21106,1.6,61 +/- 4%,-,771,771,0,0,yes,-,-,-,-,ugugaugugcaugugggcu,uccacugacgcaaaaac,uccacugacgcaaaaacccagcugaauggauucaggugauuggcguugugaugugcaugugggcu,KQ034186:375160..375225:-
KQ034065_7194,1.6,61 +/- 4%,-,170,170,0,0,yes,-,-,-,-,gaugggaggucggccgaggac,uuucggcggcccuccugugca,uuucggcggcccuccugugcaaauugugaugggaggucggccgaggac,KQ034065:3255267..3255315:-
KQ034186_21041,1.6,61 +/- 4%,-,86,86,0,0,yes,-,-,-,-,agagugcgagcugugaacaaggc,aggguccagcuugugaaggac,aggguccagcuugugaaggacuggugacaggucugagagagggcaauacuuaccaguucagagugcgagcugugaacaaggc,KQ034186:1155101..1155183:+
KQ034173_20254,1.6,61 +/- 4%,-,21,21,0,0,yes,-,-,-,-,acuggacgugccguggcuc,guuacggcagucagugc,guuacggcagucagugccucauaaauuuaaugauuacuggacgugccguggcuc,KQ034173:1148579..1148633:-
KQ034333_27251,1.5,61 +/- 4%,-,17,17,0,0,yes,-,-,-,-,uaguggcgaucgcuugaacu,uuugagcuauuaccgcuagg,uaguggcgaucgcuugaacuauuaagauguuagauccauaacuaguuugagcuauuaccgcuagg,KQ034333:145138..145203:-
KQ034117_14198,1.5,61 +/- 4%,-,17,17,0,0,yes,-,-,-,-,gaggaaucgcugcugcac,gcggcggcgguucaacaa,gcggcggcgguucaacaaccgcacccucagcggugacaaugcgaggaaucgcugcugcac,KQ034117:1957559..1957619:-
KQ034073_8657,1.5,61 +/- 4%,-,587,587,0,0,yes,-,-,-,-,uaacgaucaccuuggggc,cugccacagguggccguugauc,uaacgaucaccuuggggccacccauuguaauguaaugugguagugggggucugccacagguggccguugauc,KQ034073:736980..737052:-
KQ034067_7451,1.5,61 +/- 4%,-,88,88,0,0,yes,-,-,-,-,aaaggccugggacauauc,auugucccaggcacuggau,auugucccaggcacuggauuugggcaaaggccugggacauauc,KQ034067:1463767..1463810:+
KQ034139_17149,1.5,61 +/- 4%,-,351,351,0,0,yes,-,-,-,-,gaggaaaccguuggaagaac,uccuucagcgguuucuucuc,uccuucagcgguuucuucuccaacaauggcuacaucaaggagugaggaaaccguuggaagaac,KQ034139:866447..866510:+
KQ034074_8701,1.5,61 +/- 4%,-,26,26,0,0,yes,-,-,-,-,uuaauaacucagaagguggau,ccaccuuuaggaguauuauuu,ccaccuuuaggaguauuauuugugaagagauuguacaguuaauaacucagaagguggau,KQ034074:678777..678836:+
KQ034237_23632,1.5,61 +/- 4%,-,689,689,0,0,yes,-,-,-,-,uaacuuuaggacccggacggac,cuuuccgggcuaauugugcgg,uaacuuuaggacccggacggacauugaugacgcugcugagaggcuucagagcguuaucauggaggcuuuccgggcuaauugugcgg,KQ034237:320200..320286:+
KQ034741_35068,1.5,61 +/- 4%,-,2492,2492,0,0,yes,-,-,-,-,uccggacuuuggacagauc,acuguucaaaguccugaug,uccggacuuuggacagaucaagaaugacaauuucaacauaaauugguuggcucaucgugaacuguucaaaguccugaug,KQ034741:42765..42844:+
KQ034427_30182,1.5,61 +/- 4%,-,3872,3774,0,98,yes,-,-,-,-,uacuguuugcaaucuagacucgau,uuaguuugcagacaguuauagauu,uuaguuugcagacaguuauagauuagagcuauacuguuugcaaucuagacucgau,KQ034427:378238..378293:-
KQ034607_33349,1.5,61 +/- 4%,-,14,14,0,0,yes,-,-,-,-,uagaucuggagcccugggc,caugauuuucagguugauu,uagaucuggagcccugggccuugacacagcacuucgaguuugccaaugucaugauuuucagguugauu,KQ034607:180623..180691:-
KQ034268_24940,1.5,61 +/- 4%,-,27,27,0,0,yes,-,-,-,-,guugguggacugcuaggc,uaagcagucaccaauua,guugguggacugcuaggcgauguauuccuacaucugcugcccgaagcguggaacuugcagaguaagcagucaccaauua,KQ034268:674593..674672:+
KQ034110_13437,1.4,61 +/- 4%,-,22,22,0,0,yes,-,-,-,-,caguuuaccagaaaggac,cccuaauuuuggguagaguggu,caguuuaccagaaaggacuuugucccuaauuuuggguagaguggu,KQ034110:1563960..1564005:-
KQ037916_48716,1.4,61 +/- 4%,-,21,21,0,0,yes,-,-,-,-,uuguugugcuggagguguagu,cauaccucagcaacagacugaca,cauaccucagcaacagacugacagagaauuacgcuguuguugugcuggagguguagu,KQ037916:4870..4927:-
KQ034341_28011,1.4,61 +/- 4%,-,32378,32378,0,0,yes,-,-,-,-,uaggagaaucaggaggac,ucuuuuguuuguuugccu,uaggagaaucaggaggacgaucauguucguucuuuuguuuguuugccu,KQ034341:88024..88072:-
KQ034084_10835,1.4,61 +/- 4%,-,28,28,0,0,yes,-,-,-,-,uuggcuaagaucaaagggu,ccuuuuauggaucuaguggccg,uuggcuaagaucaaaggguagagacuuauugugcuuuccccuuuuauggaucuaguggccg,KQ034084:198313..198374:-
KQ034077_9172,1.4,61 +/- 4%,-,180,157,21,2,yes,-,-,-,-,uaguagguacuuggaaggac,cgggacuccagcuaggauc,cgggacuccagcuaggaucugauagauaggauuuuaggauaagguaguagguacuuggaaggac,KQ034077:1695452..1695516:-
KQ034068_7599,1.4,61 +/- 4%,-,58,58,0,0,yes,-,-,-,-,gagaaggucuggaugaug,ucauccaacgcucucuc,ucauccaacgcucucucuauucagcguucagcuccaaucccaggaggagaaucgaugccccacuaagagaaggucuggaugaug,KQ034068:746985..747069:+
KQ034056_4236,1.4,61 +/- 4%,-,38,38,0,0,yes,-,-,-,-,uugauuggaauagagggc,ccucuugucacagcgaau,uugauuggaauagagggcuguauggcagaguaaaauuaaaguauuaacgguuuugcuucugucguauuccucuugucacagcgaau,KQ034056:3871768..3871854:+
KQ034072_8517,1.4,61 +/- 4%,-,923,923,0,0,yes,-,-,-,-,ucucugagagccgcacgaac,ucgugcucccuccagaucua,ucgugcucccuccagaucuaaucucugagagccgcacgaac,KQ034072:1173493..1173534:-
KQ034741_35071,1.4,61 +/- 4%,-,91,91,0,0,yes,-,-,-,-,ucuagguaggcaauguagc,uacauugcccacccguaca,uacauugcccacccguacaaaugauuggcaucuagguaggcaauguagc,KQ034741:43397..43446:+
KQ034841_36594,1.3,61 +/- 4%,-,287,287,0,0,yes,-,-,-,-,uagguuaaacagaaugggacu,gcccauauguuuucccuuua,uagguuaaacagaaugggacuaaguaccgccccuugugguaauccauuguggguaugacguggcccauauguuuucccuuua,KQ034841:30239..30321:+
KQ034418_30011,1.3,61 +/- 4%,-,42,42,0,0,yes,-,-,-,-,uuucccauuauuucugugccacu,cuguacgggaugauugggaaaaa,uuucccauuauuucugugccacuuuuaaagagauaagcuguacgggaugauugggaaaaa,KQ034418:291763..291823:-
KQ034366_28796,1.3,61 +/- 4%,-,287,287,0,0,yes,-,-,-,-,uagguuaaacagaaugggacu,gcccauauguuuucccuuua,uagguuaaacagaaugggacuaaguaccgccccuugugguaauccauuguggguaugacguggcccauauguuuucccuuua,KQ034366:173772..173854:+
KQ034065_6921,1.3,61 +/- 4%,-,19,19,0,0,yes,-,-,-,-,aacgagucgcugagaagaac,uagucucggcgacuauauca,uagucucggcgacuauaucaccucuauuaauaacgagucgcugagaagaac,KQ034065:182151..182202:+
KQ034730_34868,1.3,61 +/- 4%,-,25,25,0,0,yes,-,-,-,-,aaggggaccgguucauggac,ccaugaaugcgguucuuugua,aaggggaccgguucauggacgcagauguugcuaauuacugauuaccaugaaugcgguucuuugua,KQ034730:38307..38372:+
KQ036510_46779,1.3,61 +/- 4%,-,65,65,0,0,yes,-,-,-,-,ucgccugccacgcuagucacug,gugcucgcguggcuuggccucu,gugcucgcguggcuuggccucugcuggcuaauagucgccugccacgcuagucacug,KQ036510:7271..7327:+
KQ034116_14116,1.3,61 +/- 4%,-,29,29,0,0,yes,-,-,-,-,gcuaguguugugcgagac,cucgcacuacacuugcug,cucgcacuacacuugcugucucagauucugacuguugcuaguguugugcgagac,KQ034116:1667987..1668041:-
KQ034076_9016,1.3,61 +/- 4%,-,29,29,0,0,yes,-,-,-,-,gaucaggucuucgggucc,aaccuccaagaacaccuguccuu,aaccuccaagaacaccuguccuucagagaggagguagcaugaucaggucuucgggucc,KQ034076:2014629..2014687:-
KQ034065_6944,1.3,61 +/- 4%,-,32381,32378,0,3,yes,-,-,-,-,uaggagaaucaggaggac,uuuuguguguuugccugc,uaggagaaucaggaggacgaucauguucguucuuuuguguguuugccugc,KQ034065:471371..471421:+
KQ034059_5769,1.3,61 +/- 4%,-,287,287,0,0,yes,-,-,-,-,uagguuaaacagaaugggacu,gcccauauguuuucccuuua,uagguuaaacagaaugggacuaaguaccgccccuugugguaauccauuguggguaugacguggcccauauguuuucccuuua,KQ034059:2381611..2381693:-
KQ034142_17398,1.3,61 +/- 4%,-,72,62,8,2,yes,-,-,-,-,auggauuucuagcaucuggagacc,acacuccagauccuagauac,auggauuucuagcaucuggagaccauuuaccaguugguccagcuuccaucccacaguacacuccagauccuagauac,KQ034142:196751..196828:+
KQ034240_23793,1.3,61 +/- 4%,-,915,905,10,0,yes,-,-,-,-,uguuccgaaauuguagaagu,ucgcgcaguuuccgcc,ucgcgcaguuuccgccccaucaauaacucacuuggugauccaauguuauuauuugggguguuccgaaauuguagaagu,KQ034240:369083..369161:+
KQ034074_8700,1.2,61 +/- 4%,-,96021,96021,0,0,yes,-,-,-,-,aggcaucuguuggaguacagcuc,gcaaccucaauaauuuucugccuag,aggcaucuguuggaguacagcucauguguggacacacaaggcaaccucaauaauuuucugccuag,KQ034074:673674..673739:+
KQ034063_6510,1.2,61 +/- 4%,-,24,24,0,0,yes,-,-,-,-,uaggacaacacaggacggau,gugucuuguauauccuuau,uaggacaacacaggacggauaagugucuuguauauccuuau,KQ034063:17383..17424:+
KQ034106_13150,1.2,61 +/- 4%,-,10493,8473,0,2020,yes,-,-,-,-,uaucacaguaauaguccug,aaggaacuauuagugugcauaua,aaggaacuauuagugugcauauaucuauuuuuuaauauuauaucacaguaauaguccug,KQ034106:2052166..2052225:-
KQ037485_48334,1.1,61 +/- 4%,-,13,13,0,0,yes,-,-,-,-,ugaaacuagagauccucgac,uguggcaucugguaaucuuu,ugaaacuagagauccucgacuucgggagguuaaauguuuccuucuccugagauuguggcaucugguaaucuuu,KQ037485:5137..5210:+
KQ036578_46878,1.1,61 +/- 4%,-,42,42,0,0,yes,-,-,-,-,caacugcagaacugcacca,gugucugcaaguaguc,caacugcagaacugcaccagaugugucugcaaguaguc,KQ036578:6198..6236:+
KQ034064_6863,1.1,61 +/- 4%,-,28,28,0,0,yes,-,-,-,-,uaccauagaaguuugaacu,uaucaagcuaugaucuguu,uaccauagaaguuugaacugcucuaaaggggguaguaucaagcuaugaucuguu,KQ034064:205582..205636:-
ACPB03028854_637,1.1,61 +/- 4%,-,22,22,0,0,yes,-,-,-,-,uagcaaaauccugauggcuguc,cagccaucggcaauuugaacuacu,cagccaucggcaauuugaacuacuguuucuuguacuaguagcaaaauccugauggcuguc,ACPB03028854:9880..9940:+
KQ035237_40201,1.1,61 +/- 4%,-,30,30,0,0,yes,-,-,-,-,uaaggagaucggccgauagc,ugagguaagucuucuuaaa,ugagguaagucuucuuaaaauaauuuccuuagucagcuuacuaaggaaauaaggagaucggccgauagc,KQ035237:19901..19970:+
KQ034151_18099,1.1,61 +/- 4%,-,30,30,0,0,yes,-,-,-,-,uagguuaaacaaaaugggacu,gcccauauguuuucccuuua,uagguuaaacaaaaugggacuaagugccgccccuugugguaauccauuguggguaagacguggcccauauguuuucccuuua,KQ034151:1469444..1469526:-
ACPB03026392_343,1.1,61 +/- 4%,-,30,30,0,0,yes,-,-,-,-,uagguuaaacaaaaugggacu,gcccauauguuuucccuuua,uagguuaaacaaaaugggacuaagugccgccccuugugguaauccauuguggguaagacguggcccauauguuuucccuuua,ACPB03026392:31294..31376:-
KQ035856_44050,1.1,61 +/- 4%,-,32381,32378,0,3,yes,-,-,-,-,uaggagaaucaggaggac,uuuuguguguuugccugc,uaggagaaucaggaggacgaucauguucguucuuuuguguguuugccugc,KQ035856:11923..11973:+
KQ034386_29207,1.1,61 +/- 4%,-,19,19,0,0,yes,-,-,-,-,aaaggagcuaccggaccgc,ugugccgguggugccagacc,ugugccgguggugccagacccaauaaaggagcuaccggaccgc,KQ034386:295318..295361:+
KQ035211_40055,1.1,61 +/- 4%,-,22,22,0,0,yes,-,-,-,-,auauucccacaugucgugacga,cgcaggauaucugggagcauac,cgcaggauaucugggagcauacgugugucaccuuguauauucccacaugucgugacga,KQ035211:29049..29107:+
KQ034350_28368,1,61 +/- 4%,-,85,85,0,0,yes,-,-,-,-,ucaagaccaaaaauaaagu,guauaauuuggucuuggag,guauaauuuggucuuggaggcuacguucgagaauccuaaaggugaaaccugugaucgagccuucaagaccaaaaauaaagu,KQ034350:259..340:-
KQ034076_9031,1,61 +/- 4%,-,26,26,0,0,yes,-,-,-,-,gggaggcuggguugagac,cucaacucaguagcag,gggaggcuggguugagacaaacucaacucaguagcag,KQ034076:2358742..2358779:-
KQ034180_20688,1,61 +/- 4%,-,157,157,0,0,yes,-,-,-,-,aauggcugggaauuugaacc,uucgaauuuucagccacuag,uucgaauuuucagccacuaguccauucacaauggcugggaauuugaacc,KQ034180:772665..772714:-
KQ034429_30213,1,61 +/- 4%,-,911,905,6,0,yes,-,-,-,-,uguuccgaaauuguagaagu,ucgcgcaguuuccgcc,ucgcgcaguuuccgccccaucaauaacucacuuggugauacaauguuauuauuugggguguuccgaaauuguagaagu,KQ034429:347186..347264:+
ACPB03044832_3750,1,61 +/- 4%,-,157,157,0,0,yes,-,-,-,-,aauggcugggaauuugaacc,uucgaauuuucagccacuag,uucgaauuuucagccacuaguccauucacaauggcugggaauuugaacc,ACPB03044832:93..142:-
KQ034059_5532,1,61 +/- 4%,-,36,36,0,0,yes,-,-,-,-,aauugauguagugagggc,ucucacaugcaucaauacc,aauugauguagugagggcaggugauacguuggaucucacaugcaucaauacc,KQ034059:1624112..1624164:+
KQ034530_32182,1,61 +/- 4%,-,741,732,9,0,yes,-,-,-,-,ucugcagucagacucggc,caguugauagucacacaau,caguugauagucacacaauuauccuuauagccccacggccuugacggauuaauucugcagucagacucggc,KQ034530:85156..85227:-
KQ034424_30129,1,61 +/- 4%,-,21,21,0,0,yes,-,-,-,-,uuggaguagcagauuugu,aacugcuucuucggaa,aacugcuucuucggaaucuuguuuggguugaagggggacaucucacacgcuucaaacccagcuuuuaaguuuuuuggaguagcagauuugu,KQ034424:28613..28704:-
KQ036066_45202,0.9,25 +/- 4%,-,27,27,0,0,yes,-,-,-,-,cuuaccugggccagaacu,uucuguuccaguaacgg,cuuaccugggccagaacuucucggcucagguacaacaauucaaaauucugccgcacguucuguuccaguaacgg,KQ036066:4291..4365:+
KQ037761_48555,0.9,25 +/- 4%,-,16,16,0,0,yes,-,-,-,-,ugugaacagucugccggac,ucugcagaguguuacagaug,ugugaacagucugccggaccaaagaaagcagaagcagcaaugcccaggcuccuguauucugcucucugcagaguguuacagaug,KQ037761:3147..3231:-
KQ035699_43050,0.9,25 +/- 4%,-,30404,29635,412,357,yes,-,-,-,-,uugaucaauugucugucgacggu,uucgggcaguugauggacgu,uugaucaauugucugucgacggucugugaacaccagcucucgaauuuuuucaacauuuucgucgauucgggcaguugauggacgu,KQ035699:10160..10245:+
KQ034804_36257,0.9,25 +/- 4%,-,30404,29635,412,357,yes,-,-,-,-,uugaucaauugucugucgacggu,uucgggcaguugauggacgu,uugaucaauugucugucgacggucugugaacaccagcucucgaauuuuuucaacauuuucgucgauucgggcaguugauggacgu,KQ034804:16432..16517:-
KQ035821_43623,0.9,25 +/- 4%,-,22,15,0,7,yes,-,-,-,-,gauggagcuccuacagaaggac,uaccaacuguaugggcucggcc,uaccaacuguaugggcucggccaagucuacaucuauugugcauauugauggagcuccuacagaaggac,KQ035821:11219..11287:+
KQ036218_45639,0.9,25 +/- 4%,-,39,37,0,2,yes,-,-,-,-,ucaccgacagagacuccuagaac,uagaguguccaucgguauag,ucaccgacagagacuccuagaacuucaaaaugguacucuuggccauauugcuuagagaguauccauuuuauuuagaguguccaucgguauag,KQ036218:8117..8209:-
ACPB03028854_644,0.8,25 +/- 4%,-,20,20,0,0,yes,-,-,-,-,uagccuucugaauuuugaacugcu,cagcaaaauccugauggcugug,uagccuucugaauuuugaacugcuguuucuugcaccagcagcaaaauccugauggcugug,ACPB03028854:15073..15133:+
KQ034418_30007,0.8,25 +/- 4%,-,20,20,0,0,yes,-,-,-,-,uagccuucugaauuuugaacugcu,cagcaaaauccugauggcugug,uagccuucugaauuuugaacugcuguuucuugcaccagcagcaaaauccugauggcugug,KQ034418:227132..227192:-
KQ036139_45369,0.8,25 +/- 4%,-,3246,3246,0,0,yes,-,-,-,-,ugacgaucacuaaggggau,cccuaauauaucugucuaa,ugacgaucacuaaggggaugaaucccaaggauuucaucccuaauauaucugucuaa,KQ036139:17043..17099:-
ACPB03028854_640,0.8,25 +/- 4%,-,20,20,0,0,yes,-,-,-,-,uagccuucugaauuuugaacugcu,cagcaaaauccugauggcugug,uagccuucugaauuuugaacugcuguuucuugcaccagcagcaaaauccugauggcugug,ACPB03028854:11579..11639:+
KQ034418_30005,0.8,25 +/- 4%,-,20,20,0,0,yes,-,-,-,-,uagccuucugaauuuugaacugcu,cagcaaaauccugauggcugug,uagccuucugaauuuugaacugcuguuucuugcaccagcagcaaaauccugauggcugug,KQ034418:223639..223699:-
KQ034143_17503,0.7,25 +/- 4%,-,1691,1691,0,0,yes,-,-,-,-,ugacgaucacuaagaggu,uuccuaggauaucgucccgaau,ugacgaucacuaagagguugaauuccuaggauaucgucccgaau,KQ034143:1640..1684:-
KQ034313_26595,0.7,25 +/- 4%,-,29,23,6,0,yes,-,-,-,-,acuugaugguggcuguaaagu,cuuauuguuauuauuaauuua,acuugaugguggcuguaaaguaaaguuacagucgagccaucgacuguucugcuuauuguuauuauuaauuua,KQ034313:495131..495203:-
KQ034179_20655,0.7,25 +/- 4%,-,518,518,0,0,yes,-,-,-,-,ucugguugcagagccuggc,uagccucucccuucaaaaaaa,ucugguugcagagccuggcacucuucaaggaugagggucacaguuagccucucccuucaaaaaaa,KQ034179:931690..931755:-
KQ034267_24932,0.7,25 +/- 4%,-,142,142,0,0,yes,-,-,-,-,ucugucagaugucugagagcgacu,uggcuguugggcgaaugauauu,uggcuguugggcgaaugauauugaguucucacucauugugggucaguuuucaaucugucagaugucugagagcgacu,KQ034267:485422..485499:-
KQ034293_25839,0.7,25 +/- 4%,-,1691,1691,0,0,yes,-,-,-,-,ugacgaucacuaagaggu,uuccuaggauaucgucccgaau,ugacgaucacuaagagguugaauuccuaggauaucgucccgaau,KQ034293:826011..826055:-
KQ034134_16647,0.7,25 +/- 4%,-,49,49,0,0,yes,-,-,-,-,uuaugugauuggcuucggc,ugaucccuaucguucuuguuc,ugaucccuaucguucuuguucuugcugcuggccaagauuaugugauuggcuucggc,KQ034134:356990..357046:+
KQ035787_43531,0.7,25 +/- 4%,-,24,21,3,0,yes,-,-,-,-,uuucggucgauugaaggu,cuucucuuaauccuccucacc,uuucggucgauugaaggugaguacaagagaagcgguguccacuaaggacccaucuugccuucucuuaauccuccucacc,KQ035787:9509..9588:-
KQ034060_5878,0.7,25 +/- 4%,-,30,30,0,0,yes,-,-,-,-,uagguuaaacaaaaugggacu,gcccauauguuuucccuuua,uagguuaaacaaaaugggacuaaguuccgcuccuugugguaauccauuguggguaagacguggcccauauguuuucccuuua,KQ034060:1371195..1371277:+
KQ035182_39907,0.7,25 +/- 4%,-,30,30,0,0,yes,-,-,-,-,uagguuaaacaaaaugggacu,gcccauauguuuucccuuua,uagguuaaacaaaaugggacuaaguuccgcuccuugugguaauccauuguggguaagacguggcccauauguuuucccuuua,KQ035182:25550..25632:-
KQ034736_34926,0.7,25 +/- 4%,-,1691,1691,0,0,yes,-,-,-,-,ugacgaucacuaagaggu,uuccuaggauaucgucccgaau,ugacgaucacuaagagguugaauuccuaggauaucgucccgaau,KQ034736:15053..15097:+
KQ034071_8327,0.6,25 +/- 4%,-,32,21,11,0,yes,-,-,-,-,uuucggucgauugaaggu,cuucaguuuauaaaacg,cuucaguuuauaaaacgcugcaucuauugucuguggcgguuucggucgauugaaggu,KQ034071:2618491..2618548:+
KQ034253_24462,0.6,25 +/- 4%,-,84,84,0,0,yes,-,-,-,-,agagagauaguuugaaguagac,cuacucagacuaucuagaagugu,cuacucagacuaucuagaaguguccuaagcagagagagagagauaguuugaaguagac,KQ034253:589524..589582:-
KQ034057_5005,0.6,25 +/- 4%,-,18,18,0,0,yes,-,-,-,-,ucuucugguuucggacuuaguc,cuaaaguccagaaucucagaaaugua,cuaaaguccagaaucucagaaauguagaauauugugguaucuucugguuucggacuuaguc,KQ034057:2735040..2735101:+
KQ034872_37377,0.6,25 +/- 4%,-,792,789,3,0,yes,-,-,-,-,uuccuuucucuccaagggc,cucauggagaggaguggggaag,uuccuuucucuccaagggcgaaaacauugaugcuuauguuauuaaauuucucaaauuuuuucaccucauggagaggaguggggaag,KQ034872:71220..71306:-
KQ034714_34577,0.6,25 +/- 4%,-,32,21,11,0,yes,-,-,-,-,uuucggucgauugaaggu,cuucaguuuauaaaacg,cuucaguuuauaaaacgcugcaucuauugucuguggcgguuucggucgauugaaggu,KQ034714:155618..155675:+
KQ036170_45494,0.5,25 +/- 4%,-,79,79,0,0,yes,-,-,-,-,uauuacuggaucuugggc,cauuguaguacuauu,uauuacuggaucuugggcugaccuuuaccccccacauaaaggacagagucaauaaaggguaaggcagccauuguaguacuauu,KQ036170:14061..14144:+
KQ034064_6771,0.5,25 +/- 4%,-,22,22,0,0,yes,-,-,-,-,cugggcugcuuaguaagc,uuacuaggcagucuuucu,uuacuaggcagucuuucuuaaaguuucacaagcaucugggcugcuuaguaagc,KQ034064:947541..947594:+
KQ034567_32724,0.5,25 +/- 4%,-,25,24,1,0,yes,-,-,-,-,auugugugcaauaagagcuggac,ucagcuuuauuagcuacacucacu,ucagcuuuauuagcuacacucacuccaacugcauccuacuauggugguuggaaauuauugugugcaauaagagcuggac,KQ034567:70940..71019:-
KQ034418_30001,0.5,25 +/- 4%,-,41,41,0,0,yes,-,-,-,-,uagcaaaauccagaaggc,cugcugaauuuugucuugcu,cugcugaauuuugucuugcuguuuacuaaaaauuaguagcaaaauccagaaggc,KQ034418:217542..217596:+
KQ034661_34064,0.5,25 +/- 4%,-,19,19,0,0,yes,-,-,-,-,ugugaauggcuugaauggc,cguucaguggcuauucguaauacu,ugugaauggcuugaauggcucuguauuuguggguucccaguaaaccaugggggcguucaguggcuauucguaauacu,KQ034661:184017..184094:+
KQ034065_7120,0.5,25 +/- 4%,-,16,16,0,0,yes,-,-,-,-,acagggacuggaggcgcc,ugaaacaccuccaaucccagucu,ugaaacaccuccaaucccagucuccacagggacuggaggcgcc,KQ034065:799435..799478:-
KQ034095_12064,0.5,25 +/- 4%,-,16,16,0,0,yes,-,-,-,-,uaugauugccuaggaagc,uuucuaggcagcaucuu,uaugauugccuaggaagccuaggcacugcgacaaaacuguuccaagcugcucucuccuuucuaggcagcaucuu,KQ034095:1499770..1499844:+
KQ034495_31659,0.5,25 +/- 4%,-,24,24,0,0,yes,-,-,-,-,acuaagucgccugagaac,ucuuaaggcgauaaagaag,acuaagucgccugagaacugaaucauguaccgacacucuuucuuaaggcgauaaagaag,KQ034495:194337..194396:-
KQ034146_17659,0.5,25 +/- 4%,-,141,141,0,0,yes,-,-,-,-,uuacgugaucggaaaggcuca,aguuuuucugagucacguaaag,aguuuuucugagucacguaaagcuguuaaaguuguucaauuuacgugaucggaaaggcuca,KQ034146:661454..661515:+
KQ034106_13145,0.5,25 +/- 4%,-,403,403,0,0,yes,-,-,-,-,gaagagaucguccagaaagg,cuucggacgaucuuuccucug,gaagagaucguccagaaaggaaucuccaucuucggacgaucuuuccucug,KQ034106:1912042..1912092:-
KQ034863_36741,0.5,25 +/- 4%,-,77,77,0,0,yes,-,-,-,-,augggcugacggauucacu,uggauccucagcuuauaa,augggcugacggauucacuauggauccucagcuuauaa,KQ034863:37493..37531:+
KQ034294_25869,0.4,25 +/- 4%,-,1460,1298,89,73,yes,-,-,-,-,ucuagaguauccggaucugau,uacucaauaucggcuucgac,uacucaauaucggcuucgacaauauacccgaagggaccaucuuccugcauauugccccagucuagaguauccggaucugau,KQ034294:22361..22442:+
KQ034075_8802,0.4,25 +/- 4%,-,20,20,0,0,yes,-,-,-,-,gagaagaacguuuaggauc,uccauucuccucau,gagaagaacguuuaggaucaccacaaauauggccagugaauggccgugaagagauccauucuccucau,KQ034075:2979430..2979498:+
KQ034330_27119,0.4,25 +/- 4%,-,14,14,0,0,yes,-,-,-,-,cgggaaaaguaaacguuugaagu,uauaaauguuuacauuuuucgau,uauaaauguuuacauuuuucgauuguuguuuauucaaugguaccgcaguguuucaaucgggaaaaguaaacguuugaagu,KQ034330:487912..487992:+
KQ034376_29029,0.4,25 +/- 4%,-,24,24,0,0,yes,-,-,-,-,uaggacaacacaggacggau,gugucuuguauauccuuau,uaggacaacacaggacggauaagugucuuguauauccuuau,KQ034376:600308..600349:-
KQ034340_27557,0.4,25 +/- 4%,-,58,49,9,0,yes,-,-,-,-,cggacgguuucuggcgagac,cucgccaggaaacuccgau,cucgccaggaaacuccgaucuauugugcuauaaccaccagaugaaagaggauauugcaagaacacaucucggacgguuucuggcgagac,KQ034340:195143..195232:+
KQ034698_34404,0.4,25 +/- 4%,-,21,21,0,0,yes,-,-,-,-,uagguaagguggacaauc,cggucuacccagccuuuu,uagguaagguggacaaucgccggucuacccagccuuuu,KQ034698:105658..105696:+
ACPB03044189_3599,0.4,25 +/- 4%,-,1460,1298,89,73,yes,-,-,-,-,ucuagaguauccggaucugau,uacucaauaucggcuucgac,uacucaauaucggcuucgacaauauacccgaagggaccaucuuccugcauauugccccagucuagaguauccggaucugau,ACPB03044189:479..560:+
KQ034070_8157,0.4,25 +/- 4%,-,24,24,0,0,yes,-,-,-,-,uaggacaacacaggacggau,gugucuuguauauccuuau,uaggacaacacaggacggauaagugucuuguauauccuuau,KQ034070:255405..255446:-
KQ034112_13607,0.4,25 +/- 4%,-,1460,1298,89,73,yes,-,-,-,-,ucuagaguauccggaucugau,uacucaauaucggcuucgac,uacucaauaucggcuucgacaauauacccgaagggaccaucuuccugcauauugccccagucuagaguauccggaucugau,KQ034112:1409823..1409904:+
KQ034137_16879,0.3,25 +/- 4%,-,30,30,0,0,yes,-,-,-,-,ucugugaaaggccgaaguacuc,cuacuuugcccuuucacacuau,ucugugaaaggccgaaguacucacuauaauggccacuacuuugcccuuucacacuau,KQ034137:893598..893655:-
KQ034162_19397,0.3,25 +/- 4%,-,313,313,0,0,yes,-,-,-,-,auuguacgccaguugggg,ccaacagcgaagcaaagu,auuguacgccaguugggguaugacucguagucgcauugaagucauccccaacagcgaagcaaagu,KQ034162:1202411..1202476:-
KQ034097_12221,0.3,25 +/- 4%,-,47,46,0,1,yes,-,-,-,-,uaugcccugugagagaggacu,ccuuucacaacggcaaacuaucc,ccuuucacaacggcaaacuauccccaauuaguaugcccugugagagaggacu,KQ034097:719201..719253:+
KQ034393_29401,0.3,25 +/- 4%,-,97,97,0,0,yes,-,-,-,-,aaaaggaugggcuuugggc,ccagggccaaagcccauugg,aaaaggaugggcuuugggcagaaaaaagacuucccaaauugcaugaauugcccagggccaaagcccauugg,KQ034393:220023..220094:-
KQ034057_5172,0.2,25 +/- 4%,-,13,13,0,0,yes,-,-,-,-,aauugcggguguggcaguc,cuuccuauccggcagcacu,cuuccuauccggcagcacuuuauuccagagaugacuuuuaucagauuucuggaucagugaaauuuucaauugcggguguggcaguc,KQ034057:7008749..7008835:-
KQ034123_15713,0.2,25 +/- 4%,-,18,18,0,0,yes,-,-,-,-,uaaguggacuugggaaugc,auuuaggguguacuuaaa,uaaguggacuugggaaugcaaauaaaaauauaaacaaaauuuaggguguacuuaaa,KQ034123:1083970..1084026:-
KQ034281_25470,0.2,25 +/- 4%,-,76,76,0,0,yes,-,-,-,-,uaacguaaucucuggggc,accaggaaauacggagag,uaacguaaucucuggggcuaucgguaguaauagauguaacggauuacugccaugcaccaggaaauacggagag,KQ034281:857469..857542:+
KQ035515_41266,0.1,25 +/- 4%,-,12,12,0,0,yes,-,-,-,-,gagaaaagugauuguuagau,uuaacaaucacaacuuucucuu,gagaaaagugauuguuagauaauugcguugugaucagcauaauaacuaaucuuacguuaacaaucacaacuuucucuu,KQ035515:24759..24837:+
KQ034065_7085,0.1,25 +/- 4%,-,70,70,0,0,yes,-,-,-,-,gagagcgagaucgagaac,uuuaaugcugauuuuguuuucuu,uuuaaugcugauuuuguuuucuuuuacaguuacuaugaagaacgauacagagaacgugauagagagcgagaucgagaac,KQ034065:3504834..3504913:+
KQ034872_37392,0.1,25 +/- 4%,-,334,310,18,6,yes,-,-,-,-,ucuagaguauccggauau,ucggauacucuaugucggcu,ucggauacucuaugucggcuucaacaauauacccgaaggggccaucuucuugcauauugccccagucuagaguauccggauau,KQ034872:72338..72421:-
KQ034079_9384,0.1,25 +/- 4%,-,31,31,0,0,yes,-,-,-,-,cuuguagauugcaggccugcugacc,aaugcaggucaugugucuacugcau,cuuguagauugcaggccugcugaccaauauaaugcaggucaugugucuacugcau,KQ034079:2672011..2672066:+
KQ034196_21746,0,25 +/- 4%,-,900,900,0,0,yes,-,-,-,-,ugaagaaugaucugacggc,cguuuuccuuauuucauc,ugaagaaugaucugacggcgcuuguucguuuuccuuauuucauc,KQ034196:247255..247299:+
KQ034073_8637,0,25 +/- 4%,-,15,15,0,0,yes,-,-,-,-,auuggcuguaguuggugcc,uuauuaacaguuaacuc,uuauuaacaguuaacucucuguucguuggagcuacacuuuacuagcgguuauuggcuguaguuggugcc,KQ034073:2254411..2254480:+
KQ034080_9575,0,25 +/- 4%,-,11,11,0,0,yes,-,-,-,-,uucagucgauuuggaagg,uucugucaacuuuaua,uucagucgauuuggaaggaacguuguaucacaaugucuucugucaacuuuaua,KQ034080:2094618..2094671:-
KQ034202_22094,0,25 +/- 4%,-,35,35,0,0,yes,-,-,-,-,aaagagaaucuugucggugcc,caccgaggagaucauuacauc,caccgaggagaucauuacauccuuuacagaagucugcuguagauaaagagaaucuugucggugcc,KQ034202:574213..574278:-
KQ034121_14774,0,25 +/- 4%,-,6071,6067,0,4,yes,-,-,-,-,uaccaacacuaggaggacc,uuccuacaauguuggcaaacc,uuccuacaauguuggcaaaccagguauuaccaacacuaggaggacc,KQ034121:558404..558450:-
KQ034872_37317,0,25 +/- 4%,-,241,241,0,0,yes,-,-,-,-,uagugacugagauggaggagu,uccuccaucgaagaau,uccuccaucgaagaaugcuuaaaggaaaguuuuaagaaauuagugacugagauggaggagu,KQ034872:70901..70962:+
KQ034300_26059,0,25 +/- 4%,-,79,79,0,0,yes,-,-,-,-,uauuacuggaucuugggc,cauuguaguacuauu,uauuacuggaucuugggcugaccuuuaccccccacauaaaggacagagucaauaaaggguaaggcagccauuguaguacuauu,KQ034300:341637..341720:-
KQ034499_31718,0,25 +/- 4%,-,14,14,0,0,yes,-,-,-,-,uaguaucagaggaugacuc,aucuucuucaagauuuuuaga,aucuucuucaagauuuuuagagauaguaucagaggaugacuc,KQ034499:73157..73199:-
KQ034217_22737,0,25 +/- 4%,-,40,40,0,0,yes,-,-,-,-,acucgacugagaagacaagaac,uuuugucuucuaagaggguuu,acucgacugagaagacaagaacuaaauaggugauuuugucuucuaagaggguuu,KQ034217:508536..508590:-
KQ035005_38612,0,25 +/- 4%,-,103,103,0,0,yes,-,-,-,-,ugcaguucguuggauggc,guuucagcggauuuuaaa,ugcaguucguuggauggcauucagccuuuggcuaaguuucagcggauuuuaaa,KQ035005:31895..31948:+
KQ034090_11663,0,25 +/- 4%,-,23,23,0,0,yes,-,-,-,-,uuucaacauccaacagaagu,uccuuuugggugcuuugucuuc,uccuuuugggugcuuugucuucgguggccucgaaggaggucgucccuuuucaacauccaacagaagu,KQ034090:10134..10201:+
KQ034361_28704,0,25 +/- 4%,-,18,18,0,0,yes,-,-,-,-,ugauugugcugaggagacu,ucuuucgaagaucuua,ucuuucgaagaucuuacugauugugcugaggagacu,KQ034361:616386..616422:+
KQ038555_49230,0,25 +/- 4%,-,58,58,0,0,yes,-,-,-,-,uucuauggcauggagauu,ucuuccuucaucgaacu,uucuauggcauggagauugcucuccagacauuuguugggguaacuucuuccuucaucgaacu,KQ038555:472..534:+
KQ035000_38600,0,25 +/- 4%,-,92,92,0,0,yes,-,-,-,-,uucggcagcacagaacuu,agccuggcugucgagaa,agccuggcugucgagaaaaucacgauccaagacuuaauuauuccucgucuaauaauuucggcagcacagaacuu,KQ035000:47039..47113:-
KQ034248_24216,0,25 +/- 4%,-,1125,1125,0,0,yes,-,-,-,-,aacuagcucucgaaggac,uauucgaggggugggugg,uauucgagggguggguggaaacuagcucucgaaggac,KQ034248:462598..462635:-
KQ034162_18716,0,25 +/- 4%,-,447,447,0,0,yes,-,-,-,-,ugaaguaacucuggcgggaac,uaccgcgcauuuuauuucuua,ugaaguaacucuggcgggaacuagugaauguuuuuuaaaaaguguuuacuguaccgcgcauuuuauuucuua,KQ034162:1153095..1153167:+
